cnpj,matriz_filial,nome_fantasia,situacao,data_inicio,cnae_principal,uf,municipio_cod,cep,bairro,ddd_1,telefone_1
59.160.166/0001-18,1,,02,20250129,5912099,CE,1389,60140120,ALDEOTA,85,88717829
59.160.177/0001-06,1,,02,20250129,1622699,MG,5241,38800000,JARDIM SOL NASCENTE,37,34262407
53.359.906/0001-63,1,L.P. SOLUTION,02,20240103,8129000,BA,3661,45201347,CANSANCAO,11,47024214
59.160.197/0001-79,1,,02,20250129,4781400,PB,2175,58304122,POPULAR,83,86770191
55.371.630/0001-64,1,,08,20240603,4541206,PB,2079,58280000,GURGURI,83,91789753
54.785.741/0003-16,2,,02,20250129,5611203,RJ,6001,21061240,RAMOS,21,69644681
59.160.225/0001-58,1,D2TECH,08,20250129,8599603,SP,7107,01311914,BELA VISTA,16,82010240
59.160.237/0001-82,1,,02,20250129,7319099,SP,6951,17190134,JARDIM PRIMAVERA,14,99695488
59.160.249/0001-07,1,MARINA MOLINARI ODONTOLOGIA INTEGRADA,02,20250129,8630504,PR,7735,84130000,CENTRO,42,98048109
59.160.262/0001-66,1,,02,20250129,4321500,GO,9361,73808080,PARQUE DA COLINA I,61,99737040
59.160.271/0001-57,1,,02,20250129,4399103,MT,1080,78335000,CENTRO,66,99244229
59.160.282/0001-37,1,,08,20250129,8599699,SP,6249,18618016,JARDIM NOSSA SENHORA DAS GRACAS (RUBIAO JUNIOR),14,38138103
59.160.293/0001-17,1,,02,20250129,5620104,RS,8683,94010170,CENTRO,51,30300006
59.160.302/0001-70,1,,02,20250129,4723700,RJ,5847,27937310,RIVIERA FLUMINENSE,22,98818993
59.160.313/0001-50,1,,02,20250129,4330404,SP,7107,02952165,JARDIM PAQUETA (ZONA NORTE),11,70358741
59.160.326/0001-29,1,,02,20250129,5320202,RJ,6001,20561000,GRAJAU,21,94068353
59.160.337/0001-09,1,,02,20250129,4781400,SP,6363,14140000,FAZENDA SANTA MARIA,16,32091060
59.160.345/0001-55,1,,08,20250129,1094500,RO,0003,76820096,NOVA PORTO VELHO,69,93725591
59.160.359/0001-79,1,LRM APOIO ADMINISTRATIVO,02,20250129,8211300,BA,3807,45810000,JOSE FONTANA I - SEDE,73,32882310
59.160.369/0001-04,1,RAPSI JORDAN PSICOLOGIA E PSICOMOTRICIDADE,02,20250129,8650003,SP,7107,03276000,CHACARA BELENZINHO,11,70862112
59.160.380/0001-74,1,TIGER PROMOCAO DE VENDAS,02,20250129,7319002,SP,7107,03401001,VILA CARRAO,11,73330253
59.160.392/0001-07,1,NAPAR,02,20250129,8650003,MG,5191,37536094,CENTRO,35,88356588
59.160.401/0001-51,1,HD COR,02,20250129,6204000,SP,7107,01151000,BARRA FUNDA,41,97880145
59.160.413/0001-86,1,,02,20250129,4520005,MG,5249,36305314,PIO XII,32,98195484
59.160.427/0001-08,1,,02,20250129,9602501,SC,8055,88354695,SOUZA CRUZ,47,88077584
59.160.438/0001-80,1,,02,20250129,7319099,RS,8801,90820150,CRISTAL,51,96161761
59.160.448/0001-15,1,,02,20250129,9001902,RJ,5915,25975235,QUINTA LEBRAO,21,92027457
59.160.458/0001-50,1,JR CASTRO SERVICOS,02,20250129,8111700,CE,1389,60125001,DIONISIO TORRES,85,91858195
59.160.470/0001-65,1,,02,20250129,5320201,SP,7107,03928240,CONJUNTO HABITACIONAL TEOTONIO VILELA,11,84836064
59.160.482/0001-90,1,,02,20250129,1091102,SP,7107,04856220,JARDIM NOVO HORIZONTE,11,59218438
59.160.492/0001-25,1,,02,20250129,4743100,RS,8691,98920000,CENTRO,55,97115299
59.160.504/0001-11,1,,02,20250129,4520001,MG,4213,37420000,FIGUEIRA,35,84770915
59.160.516/0001-46,1,,08,20250129,5320202,RO,0011,76970000,VILA DO SOSSEGO,69,81132812
59.160.526/0001-81,1,,02,20250129,9700500,SC,8161,88309800,SAO VICENTE,47,92275168
59.160.538/0001-06,1,MERCADO IDEAL,02,20250129,4712100,MA,0909,65550000,ABREU,98,70034005
59.160.550/0001-10,1,,02,20250129,8599605,AC,0145,69940000,JARDIM PRIMA VERA,68,99237447
59.160.559/0001-21,1,,02,20250129,4930202,PR,7691,87035602,LOTEAMENTO SUMARÉ,44,98469609
58.506.937/0001-13,1,WK ESTETICA AUTOMOTIVA E CONVENIENCIA,08,20241218,4520005,MT,8985,78551366,JARDIM SAFIRA,66,96918107
59.160.576/0001-69,1,,02,20250129,4543900,SP,7089,14600000,LAPA,16,92000326
59.160.585/0001-50,1,,08,20250129,4781400,MG,4867,37580000,SAO RAFAEL,35,99005688
59.160.594/0001-40,1,,02,20250129,8211300,BA,3515,44082070,LAGOA SALGADA,75,30214040
59.160.603/0001-01,1,,08,20250129,4781400,SP,6469,12517405,PARQUE RESIDENCIAL BEIRA RIO I,12,98191637
59.160.615/0001-28,1,,02,20250129,9700500,SC,8395,88535000,SAO CRISTOVAO,49,88467275
59.160.627/0001-52,1,,02,20250129,5611201,SP,6477,07242100,VILA PARAISO,11,83706291
59.160.638/0001-32,1,,02,20250129,4781400,RO,0017,76920000,NOVA OURO PRETO,69,93078105
59.160.645/0001-34,1,,02,20250129,9602501,BA,1112,47861582,JARDIM DAS OLIVEIRAS,77,99371737
59.160.658/0001-03,1,,02,20250129,4399103,MG,4939,38607330,VISTA ALEGRE,38,99750845
66.528.134/0002-79,2,,02,20250129,4679601,SP,6477,07210250,JARDIM ARAPONGAS,11,24888477
59.160.679/0001-29,1,,02,20250129,8230001,DF,9701,71070060,GUARA II,61,83020348
59.160.690/0001-99,1,,02,20250129,6204000,SP,7107,01310914,BELA VISTA,41,97880145
59.160.701/0001-30,1,,02,20240719,6911701,RJ,5819,28016315,VILA DA RAINHA,22,98693099
58.137.691/0001-50,1,,02,20241118,6462000,SP,7107,03804060,PARQUE BOTURUSSU,11,29431562
59.160.723/0001-09,1,FPM CALDAS,02,20250129,4672900,SP,7107,02461010,SANTA TERESINHA,11,55555555
59.160.733/0001-36,1,,02,20250129,4530704,PR,9983,83825310,VENEZA,41,88455978
59.160.743/0001-71,1,,08,20250129,4751201,SP,7131,14150000,JD. SANTA LUZIA,16,91044678
59.160.756/0001-40,1,,08,20250129,4721103,MG,4865,39404084,ALTO FLORESTA,38,99561038
59.160.767/0001-20,1,,02,20250129,5320201,AM,0255,69039010,NOVO ISRAEL,92,86062834
59.160.777/0001-66,1,,02,20250129,4930202,PR,5451,83564057,BUTIEIRINHO,41,95268793
45.290.649/0001-22,1,,02,20220215,5819100,PE,2357,54515080,COHAB,81,98984597
59.160.795/0001-48,1,,02,20250129,4399103,SP,6511,13340823,RESIDENCIAL LONDON PARK,11,45294026
59.160.808/0001-89,1,,02,20250129,4785799,SC,8061,88348273,TABULEIRO,47,99887649
59.160.817/0001-70,1,,02,20250129,1031700,MG,2671,35338000,AREA RURAL,33,99548383
59.160.829/0001-02,1,,02,20250129,4930201,ES,5665,29770000,ANTUR ARTUR,27,96601270
59.160.841/0001-09,1,,02,20250129,4743100,RO,0005,76900190,URUPA,69,93790101
59.160.852/0001-99,1,,02,20250129,4924800,BA,3665,45470000,CENTRO,75,88997078
59.160.865/0001-68,1,TABACARIA 2 IRMAOS,02,20250129,5611205,PR,7535,81935309,SÍTIO CERCADO,41,35653326
59.160.877/0001-92,1,,02,20250129,9602501,SP,6779,15407440,CONJUNTO HABITACIONAL ANTONIO JOSE TRINDADE,17,97410087
59.160.889/0001-17,1,,08,20250129,8219999,PR,7427,86700255,CENTRO,43,96450944
59.160.898/0001-08,1,,08,20250129,8219999,RJ,5865,24240185,SANTA ROSA,21,99520826
59.160.908/0001-05,1,,02,20250129,8599699,SC,8057,89500049,CENTRO,49,98282324
59.160.920/0001-10,1,,02,20250129,7420001,SP,7107,04280000,VILA NAIR,11,94810200
35.169.825/0002-08,2,,02,20250129,1066000,PB,1987,58884000,ZONA RURAL,83,99520523
59.160.943/0001-24,1,,02,20250129,4755503,SP,6343,14795000,CENTRO,17,81857557
59.160.955/0001-59,1,,08,20250129,8219999,MG,4921,35409233,ALTO DO BELEZA (CACHOEIRA DO CAMPO),31,97952445
59.160.966/0001-39,1,,02,20250129,8650003,GO,9373,74080250,SET SUL,62,99999999
59.160.975/0001-20,1,,02,20250129,7319002,PR,7535,81230030,CIDADE INDUSTRIAL,41,96735511
59.160.988/0001-07,1,,02,20250129,8599604,BA,3529,45540000,NASSER BORGES,73,81228649
59.161.001/0001-60,1,SCP CDG,02,20241128,4222701,PR,7535,80030030,CENTRO CIVICO,41,33390718
59.161.011/0001-04,1,,08,20250129,4399103,ES,5705,29070255,MARIA ORTIZ,27,98540832
59.161.021/0001-31,1,,02,20250129,3314799,SC,8127,89275150,BANANAL DO SUL,47,88670962
59.161.031/0001-77,1,BELENS COMUNICACAO,02,20250129,7319002,BA,3685,42700170,RECREIO IPITANGA,71,99779691
59.161.044/0001-46,1,LAVANDERIA OLIVEIRA,02,20250129,9601701,BA,3499,45590000,CENTRO,73,81600428
59.161.053/0001-37,1,,08,20250129,7319002,PR,7765,85174317,VILA CALDAS,42,99017608
59.161.065/0001-61,1,,02,20250129,9001902,SP,7107,03283000,VILA EMA,11,00000000
59.161.078/0001-30,1,,08,20250129,8219999,SC,8233,88133040,PASSA VINTE,47,99019107
59.161.090/0001-45,1,,02,20250129,5612100,SP,7107,08215550,ITAQUERA,11,58775079
59.161.101/0001-97,1,,02,20250129,8219999,SP,7071,11025031,EMBARE,13,91765916
59.161.112/0001-77,1,,02,20250129,4789003,MG,4123,31995150,ACAIACA,31,91382156
59.161.123/0001-57,1,,02,20250129,8211300,SP,7075,09725240,CENTRO,11,85837799
59.161.134/0001-37,1,,08,20250129,5320201,SP,7107,08412180,JARDIM SAO PAULO(ZONA LESTE),11,98826993
54.957.439/0001-36,1,,08,20240430,5320202,BA,3849,40070390,BARRIS,71,84502054
59.161.154/0001-08,1,CADU CAVALHEIRO ARQUITETURA,02,20250129,7111100,SC,8045,88164230,BEIRA RIO,48,92051568
59.161.164/0001-43,1,,02,20250129,4755503,ES,5677,29830000,CENTRO,27,98904015
59.161.175/0001-23,1,,02,20250129,8599699,MT,9047,78217155,VILA NOVA,65,99910950
59.161.186/0001-03,1,,08,20250129,9602501,SP,7107,01489900,JARDIM PAULISTANO,11,93923464
59.161.198/0001-38,1,RESIDENCIAL JAILINI,02,20250110,8112500,SC,8335,88730000,CENTRO,48,36571155
59.161.210/0001-04,1,2H MEDICAL,02,20250129,8610102,GO,9361,73801290,CENTRO,61,99895996
12.935.977/0002-60,2,,02,20250129,5211799,MG,0722,32920000,RETIRO DO MOINHO,28,99721163
59.161.229/0001-50,1,,08,20250129,4789007,RS,8717,93900000,VISTA ALEGRE,51,91916215
59.161.241/0001-65,1,,02,20250129,5620104,SP,7145,18054050,JARDIM TROPICAL,15,32027576
