id,br_fmt,us_fmt,iso_brl,sem_moeda,centavos_inteiro
1,"R$ 25,99",$25.99,BRL 25.99,25.99,2599
2,"R$ 223,99",$223.99,BRL 223.99,223.99,22399
3,"R$ 677,02",$677.02,BRL 677.02,677.02,67702
4,"R$ 87,85",$87.85,BRL 87.85,87.85,8785
5,"R$ 30,77",$30.77,BRL 30.77,30.77,3077
6,"R$ 505,85",$505.85,BRL 505.85,505.85,50585
7,"R$ 0,00",$0.00,BRL 0.00,0.00,0
8,"R$ 342.448,00","$342,448.00",BRL 342448.00,342448.00,34244800
9,"R$ 221,22",$221.22,BRL 221.22,221.22,22122
10,"R$ 809,62",$809.62,BRL 809.62,809.62,80962
11,"R$ 0,00",$0.00,BRL 0.00,0.00,0
12,"R$ 698,44",$698.44,BRL 698.44,698.44,69844
13,"R$ 156,32",$156.32,BRL 156.32,156.32,15632
14,"R$ 337,26",$337.26,BRL 337.26,337.26,33726
15,"R$ 0,00",$0.00,BRL 0.00,0.00,0
16,"R$ 0,00",$0.00,BRL 0.00,0.00,0
17,"R$ 604,12",$604.12,BRL 604.12,604.12,60412
18,"R$ 730,00",$730.00,BRL 730.00,730.00,73000
19,"R$ 973,14",$973.14,BRL 973.14,973.14,97314
20,"R$ 552,49",$552.49,BRL 552.49,552.49,55249
21,"R$ 618,90",$618.90,BRL 618.90,618.90,61890
22,"R$ 577,77",$577.77,BRL 577.77,577.77,57777
23,"R$ 46,78",$46.78,BRL 46.78,46.78,4678
24,"R$ 290,10",$290.10,BRL 290.10,290.10,29010
25,"R$ 0,00",$0.00,BRL 0.00,0.00,0
26,"R$ 101,90",$101.90,BRL 101.90,101.90,10190
27,"R$ 636,05",$636.05,BRL 636.05,636.05,63604
28,"R$ 370,81",$370.81,BRL 370.81,370.81,37081
29,"R$ 267,71",$267.71,BRL 267.71,267.71,26770
30,"R$ 648,39",$648.39,BRL 648.39,648.39,64839
31,"R$ 171,97",$171.97,BRL 171.97,171.97,17197
32,"R$ 164,24",$164.24,BRL 164.24,164.24,16424
33,"R$ 989,53",$989.53,BRL 989.53,989.53,98953
34,"R$ 557,39",$557.39,BRL 557.39,557.39,55739
35,"R$ 843,01",$843.01,BRL 843.01,843.01,84301
36,"R$ 229,82",$229.82,BRL 229.82,229.82,22982
37,"R$ 0,00",$0.00,BRL 0.00,0.00,0
38,"R$ 268,47",$268.47,BRL 268.47,268.47,26847
39,"R$ 942,97",$942.97,BRL 942.97,942.97,94297
40,"R$ 315,36",$315.36,BRL 315.36,315.36,31536
41,"R$ 396,24",$396.24,BRL 396.24,396.24,39624
42,"R$ 459,39",$459.39,BRL 459.39,459.39,45939
43,"R$ 247,38",$247.38,BRL 247.38,247.38,24738
44,"R$ 263,48",$263.48,BRL 263.48,263.48,26348
45,"R$ 897,93",$897.93,BRL 897.93,897.93,89793
46,"R$ 220,10",$220.10,BRL 220.10,220.10,22010
47,"R$ 510,02",$510.02,BRL 510.02,510.02,51002
48,"R$ 0,00",$0.00,BRL 0.00,0.00,0
49,"R$ 0,00",$0.00,BRL 0.00,0.00,0
50,"R$ 332.350,72","$332,350.72",BRL 332350.72,332350.72,33235071
51,"R$ 422,74",$422.74,BRL 422.74,422.74,42274
52,"R$ 0,00",$0.00,BRL 0.00,0.00,0
53,"R$ 996,13",$996.13,BRL 996.13,996.13,99613
54,"R$ 971,11",$971.11,BRL 971.11,971.11,97111
55,"R$ 12,47",$12.47,BRL 12.47,12.47,1247
56,"R$ 682,03",$682.03,BRL 682.03,682.03,68203
57,"R$ 267,56",$267.56,BRL 267.56,267.56,26756
58,"R$ 112,44",$112.44,BRL 112.44,112.44,11244
59,"R$ 454,27",$454.27,BRL 454.27,454.27,45427
60,"R$ 875,98",$875.98,BRL 875.98,875.98,87598
61,"R$ 501,09",$501.09,BRL 501.09,501.09,50109
62,"R$ 460.682,53","$460,682.53",BRL 460682.53,460682.53,46068253
63,"R$ 299,15",$299.15,BRL 299.15,299.15,29914
64,"R$ 609,36",$609.36,BRL 609.36,609.36,60936
65,"R$ 393.129,86","$393,129.86",BRL 393129.86,393129.86,39312986
66,"R$ 778,85",$778.85,BRL 778.85,778.85,77885
67,"R$ 1,57",$1.57,BRL 1.57,1.57,157
68,"R$ 20,46",$20.46,BRL 20.46,20.46,2046
69,"R$ 878,84",$878.84,BRL 878.84,878.84,87884
70,"R$ 308,21",$308.21,BRL 308.21,308.21,30820
71,"R$ 0,00",$0.00,BRL 0.00,0.00,0
72,"R$ 947,00",$947.00,BRL 947.00,947.00,94700
73,"R$ 0,00",$0.00,BRL 0.00,0.00,0
74,"R$ 70,14",$70.14,BRL 70.14,70.14,7014
75,"R$ 766,07",$766.07,BRL 766.07,766.07,76607
76,"R$ 263.877,07","$263,877.07",BRL 263877.07,263877.07,26387707
77,"R$ 265,79",$265.79,BRL 265.79,265.79,26579
78,"R$ 423,71",$423.71,BRL 423.71,423.71,42371
79,"R$ 539,76",$539.76,BRL 539.76,539.76,53976
80,"R$ 201,95",$201.95,BRL 201.95,201.95,20195
81,"R$ 995,15",$995.15,BRL 995.15,995.15,99515
82,"R$ 438,66",$438.66,BRL 438.66,438.66,43866
83,"R$ 121,88",$121.88,BRL 121.88,121.88,12188
84,"R$ 338,75",$338.75,BRL 338.75,338.75,33875
85,"R$ 230,88",$230.88,BRL 230.88,230.88,23088
86,"R$ 71,92",$71.92,BRL 71.92,71.92,7192
87,"R$ 229,71",$229.71,BRL 229.71,229.71,22971
88,"R$ 859,78",$859.78,BRL 859.78,859.78,85978
89,"R$ 0,00",$0.00,BRL 0.00,0.00,0
90,"R$ 669,31",$669.31,BRL 669.31,669.31,66931
91,"R$ 133,18",$133.18,BRL 133.18,133.18,13318
92,"R$ 571,47",$571.47,BRL 571.47,571.47,57147
93,"R$ 784,83",$784.83,BRL 784.83,784.83,78483
94,"R$ 191,22",$191.22,BRL 191.22,191.22,19122
95,"R$ 0,00",$0.00,BRL 0.00,0.00,0
96,"R$ 424,16",$424.16,BRL 424.16,424.16,42416
97,"R$ 729,35",$729.35,BRL 729.35,729.35,72935
98,"R$ 984,18",$984.18,BRL 984.18,984.18,98418
99,"R$ 0,00",$0.00,BRL 0.00,0.00,0
100,"R$ 339,96",$339.96,BRL 339.96,339.96,33996
101,"R$ 249,41",$249.41,BRL 249.41,249.41,24941
102,"R$ 251.876,10","$251,876.10",BRL 251876.10,251876.10,25187610
103,"R$ 279,27",$279.27,BRL 279.27,279.27,27927
104,"R$ 923,34",$923.34,BRL 923.34,923.34,92334
105,"R$ 861,49",$861.49,BRL 861.49,861.49,86149
106,"R$ 51,54",$51.54,BRL 51.54,51.54,5154
107,"R$ 836,19",$836.19,BRL 836.19,836.19,83619
108,"R$ 926,44",$926.44,BRL 926.44,926.44,92644
109,"R$ 167,14",$167.14,BRL 167.14,167.14,16714
110,"R$ 214,53",$214.53,BRL 214.53,214.53,21453
111,"R$ 59,58",$59.58,BRL 59.58,59.58,5958
112,"R$ 985,32",$985.32,BRL 985.32,985.32,98532
113,"R$ 784,29",$784.29,BRL 784.29,784.29,78429
114,"R$ 423,58",$423.58,BRL 423.58,423.58,42358
115,"R$ 995,43",$995.43,BRL 995.43,995.43,99543
116,"R$ 718,69",$718.69,BRL 718.69,718.69,71869
117,"R$ 183.518,52","$183,518.52",BRL 183518.52,183518.52,18351852
118,"R$ 579,60",$579.60,BRL 579.60,579.60,57960
119,"R$ 748,23",$748.23,BRL 748.23,748.23,74823
120,"R$ 0,00",$0.00,BRL 0.00,0.00,0
121,"R$ 503,35",$503.35,BRL 503.35,503.35,50335
122,"R$ 158,28",$158.28,BRL 158.28,158.28,15828
123,"R$ 81,03",$81.03,BRL 81.03,81.03,8103
124,"R$ 317.765,80","$317,765.80",BRL 317765.80,317765.80,31776580
125,"R$ 235,97",$235.97,BRL 235.97,235.97,23597
126,"R$ 450.629,29","$450,629.29",BRL 450629.29,450629.29,45062929
127,"R$ 594,92",$594.92,BRL 594.92,594.92,59491
128,"R$ 419,81",$419.81,BRL 419.81,419.81,41981
129,"R$ 523,26",$523.26,BRL 523.26,523.26,52326
130,"R$ 205,05",$205.05,BRL 205.05,205.05,20505
131,"R$ 239,45",$239.45,BRL 239.45,239.45,23945
132,"R$ 672,02",$672.02,BRL 672.02,672.02,67202
133,"R$ 316,86",$316.86,BRL 316.86,316.86,31686
134,"R$ 73,47",$73.47,BRL 73.47,73.47,7347
135,"R$ 998,46",$998.46,BRL 998.46,998.46,99846
136,"R$ 74,19",$74.19,BRL 74.19,74.19,7419
137,"R$ 265,94",$265.94,BRL 265.94,265.94,26594
138,"R$ 880,98",$880.98,BRL 880.98,880.98,88098
139,"R$ 370,16",$370.16,BRL 370.16,370.16,37016
140,"R$ 425.185,23","$425,185.23",BRL 425185.23,425185.23,42518523
141,"R$ 612,07",$612.07,BRL 612.07,612.07,61207
142,"R$ 654,32",$654.32,BRL 654.32,654.32,65432
143,"R$ 0,00",$0.00,BRL 0.00,0.00,0
144,"R$ 300,08",$300.08,BRL 300.08,300.08,30008
145,"R$ 938,99",$938.99,BRL 938.99,938.99,93899
146,"R$ 101.942,90","$101,942.90",BRL 101942.90,101942.90,10194290
147,"R$ 298.950,64","$298,950.64",BRL 298950.64,298950.64,29895064
148,"R$ 605,22",$605.22,BRL 605.22,605.22,60522
149,"R$ 204,39",$204.39,BRL 204.39,204.39,20439
150,"R$ 264,72",$264.72,BRL 264.72,264.72,26472
151,"R$ 905,43",$905.43,BRL 905.43,905.43,90543
152,"R$ 93,21",$93.21,BRL 93.21,93.21,9321
153,"R$ 277,40",$277.40,BRL 277.40,277.40,27739
154,"R$ 0,00",$0.00,BRL 0.00,0.00,0
155,"R$ 637,48",$637.48,BRL 637.48,637.48,63748
156,"R$ 741,49",$741.49,BRL 741.49,741.49,74149
157,"R$ 428,26",$428.26,BRL 428.26,428.26,42826
158,"R$ 0,00",$0.00,BRL 0.00,0.00,0
159,"R$ 0,00",$0.00,BRL 0.00,0.00,0
160,"R$ 904,02",$904.02,BRL 904.02,904.02,90402
161,"R$ 834,76",$834.76,BRL 834.76,834.76,83476
162,"R$ 148,95",$148.95,BRL 148.95,148.95,14894
163,"R$ 188.716,26","$188,716.26",BRL 188716.26,188716.26,18871626
164,"R$ 796,33",$796.33,BRL 796.33,796.33,79633
165,"R$ 899,03",$899.03,BRL 899.03,899.03,89903
166,"R$ 250,28",$250.28,BRL 250.28,250.28,25028
167,"R$ 401.052,31","$401,052.31",BRL 401052.31,401052.31,40105231
168,"R$ 406,97",$406.97,BRL 406.97,406.97,40697
169,"R$ 155,40",$155.40,BRL 155.40,155.40,15540
170,"R$ 864,74",$864.74,BRL 864.74,864.74,86474
171,"R$ 810,96",$810.96,BRL 810.96,810.96,81096
172,"R$ 25,76",$25.76,BRL 25.76,25.76,2576
173,"R$ 332,85",$332.85,BRL 332.85,332.85,33285
174,"R$ 802,43",$802.43,BRL 802.43,802.43,80243
175,"R$ 810,94",$810.94,BRL 810.94,810.94,81094
176,"R$ 787,59",$787.59,BRL 787.59,787.59,78759
177,"R$ 442.475,05","$442,475.05",BRL 442475.05,442475.05,44247505
178,"R$ 223,21",$223.21,BRL 223.21,223.21,22321
179,"R$ 460,84",$460.84,BRL 460.84,460.84,46084
180,"R$ 795,55",$795.55,BRL 795.55,795.55,79555
181,"R$ 24,64",$24.64,BRL 24.64,24.64,2464
182,"R$ 197.717,88","$197,717.88",BRL 197717.88,197717.88,19771788
183,"R$ 966,92",$966.92,BRL 966.92,966.92,96692
184,"R$ 641,84",$641.84,BRL 641.84,641.84,64184
185,"R$ 981,17",$981.17,BRL 981.17,981.17,98117
186,"R$ 939,30",$939.30,BRL 939.30,939.30,93930
187,"R$ 486.680,27","$486,680.27",BRL 486680.27,486680.27,48668027
188,"R$ 483.140,44","$483,140.44",BRL 483140.44,483140.44,48314044
189,"R$ 109,29",$109.29,BRL 109.29,109.29,10929
190,"R$ 728,82",$728.82,BRL 728.82,728.82,72882
191,"R$ 606,60",$606.60,BRL 606.60,606.60,60660
192,"R$ 385,81",$385.81,BRL 385.81,385.81,38581
193,"R$ 255,47",$255.47,BRL 255.47,255.47,25547
194,"R$ 2,69",$2.69,BRL 2.69,2.69,269
195,"R$ 538,91",$538.91,BRL 538.91,538.91,53891
196,"R$ 742,21",$742.21,BRL 742.21,742.21,74221
197,"R$ 364,86",$364.86,BRL 364.86,364.86,36486
198,"R$ 0,00",$0.00,BRL 0.00,0.00,0
199,"R$ 330,87",$330.87,BRL 330.87,330.87,33087
200,"R$ 848,17",$848.17,BRL 848.17,848.17,84817
201,"R$ 301,02",$301.02,BRL 301.02,301.02,30102
202,"R$ 408,98",$408.98,BRL 408.98,408.98,40898
203,"R$ 296,36",$296.36,BRL 296.36,296.36,29636
204,"R$ 239.200,85","$239,200.85",BRL 239200.85,239200.85,23920085
205,"R$ 677,64",$677.64,BRL 677.64,677.64,67764
206,"R$ 615,90",$615.90,BRL 615.90,615.90,61590
207,"R$ 548,39",$548.39,BRL 548.39,548.39,54839
208,"R$ 0,00",$0.00,BRL 0.00,0.00,0
209,"R$ 430,46",$430.46,BRL 430.46,430.46,43046
210,"R$ 655,05",$655.05,BRL 655.05,655.05,65504
211,"R$ 442,72",$442.72,BRL 442.72,442.72,44272
212,"R$ 473,71",$473.71,BRL 473.71,473.71,47371
213,"R$ 796,23",$796.23,BRL 796.23,796.23,79623
214,"R$ 88.157,99","$88,157.99",BRL 88157.99,88157.99,8815799
215,"R$ 633,31",$633.31,BRL 633.31,633.31,63330
216,"R$ 818,61",$818.61,BRL 818.61,818.61,81861
217,"R$ 673,12",$673.12,BRL 673.12,673.12,67312
218,"R$ 199,93",$199.93,BRL 199.93,199.93,19993
219,"R$ 0,00",$0.00,BRL 0.00,0.00,0
220,"R$ 475,66",$475.66,BRL 475.66,475.66,47566
221,"R$ 73,76",$73.76,BRL 73.76,73.76,7376
222,"R$ 630,14",$630.14,BRL 630.14,630.14,63014
223,"R$ 363.359,41","$363,359.41",BRL 363359.41,363359.41,36335941
224,"R$ 244,74",$244.74,BRL 244.74,244.74,24474
225,"R$ 6,54",$6.54,BRL 6.54,6.54,654
226,"R$ 770,28",$770.28,BRL 770.28,770.28,77028
227,"R$ 241.315,79","$241,315.79",BRL 241315.79,241315.79,24131579
228,"R$ 481.084,72","$481,084.72",BRL 481084.72,481084.72,48108472
229,"R$ 51,17",$51.17,BRL 51.17,51.17,5117
230,"R$ 848,49",$848.49,BRL 848.49,848.49,84849
231,"R$ 801,62",$801.62,BRL 801.62,801.62,80162
232,"R$ 987,90",$987.90,BRL 987.90,987.90,98790
233,"R$ 950,09",$950.09,BRL 950.09,950.09,95009
234,"R$ 613,04",$613.04,BRL 613.04,613.04,61304
235,"R$ 505,27",$505.27,BRL 505.27,505.27,50527
236,"R$ 548,32",$548.32,BRL 548.32,548.32,54832
237,"R$ 743,91",$743.91,BRL 743.91,743.91,74391
238,"R$ 259,93",$259.93,BRL 259.93,259.93,25993
239,"R$ 638,02",$638.02,BRL 638.02,638.02,63802
240,"R$ 521,78",$521.78,BRL 521.78,521.78,52178
241,"R$ 275,32",$275.32,BRL 275.32,275.32,27532
242,"R$ 0,00",$0.00,BRL 0.00,0.00,0
243,"R$ 272,44",$272.44,BRL 272.44,272.44,27244
244,"R$ 540,61",$540.61,BRL 540.61,540.61,54061
245,"R$ 154.067,67","$154,067.67",BRL 154067.67,154067.67,15406767
246,"R$ 706,71",$706.71,BRL 706.71,706.71,70671
247,"R$ 0,00",$0.00,BRL 0.00,0.00,0
248,"R$ 543,07",$543.07,BRL 543.07,543.07,54307
249,"R$ 207,63",$207.63,BRL 207.63,207.63,20763
250,"R$ 904,93",$904.93,BRL 904.93,904.93,90493
251,"R$ 695,83",$695.83,BRL 695.83,695.83,69583
252,"R$ 765,83",$765.83,BRL 765.83,765.83,76583
253,"R$ 6,89",$6.89,BRL 6.89,6.89,689
254,"R$ 753,72",$753.72,BRL 753.72,753.72,75372
255,"R$ 953,48",$953.48,BRL 953.48,953.48,95348
256,"R$ 747,77",$747.77,BRL 747.77,747.77,74777
257,"R$ 603,65",$603.65,BRL 603.65,603.65,60365
258,"R$ 220,20",$220.20,BRL 220.20,220.20,22020
259,"R$ 30,00",$30.00,BRL 30.00,30.00,3000
260,"R$ 679,46",$679.46,BRL 679.46,679.46,67946
261,"R$ 165,88",$165.88,BRL 165.88,165.88,16588
262,"R$ 128,50",$128.50,BRL 128.50,128.50,12850
263,"R$ 27,94",$27.94,BRL 27.94,27.94,2794
264,"R$ 564,83",$564.83,BRL 564.83,564.83,56483
265,"R$ 0,00",$0.00,BRL 0.00,0.00,0
266,"R$ 136,56",$136.56,BRL 136.56,136.56,13656
267,"R$ 51,23",$51.23,BRL 51.23,51.23,5123
268,"R$ 212,45",$212.45,BRL 212.45,212.45,21245
269,"R$ 761,47",$761.47,BRL 761.47,761.47,76147
270,"R$ 752,26",$752.26,BRL 752.26,752.26,75226
271,"R$ 253,02",$253.02,BRL 253.02,253.02,25302
272,"R$ 0,00",$0.00,BRL 0.00,0.00,0
273,"R$ 0,00",$0.00,BRL 0.00,0.00,0
274,"R$ 999,91",$999.91,BRL 999.91,999.91,99991
275,"R$ 650,49",$650.49,BRL 650.49,650.49,65049
276,"R$ 652,10",$652.10,BRL 652.10,652.10,65210
277,"R$ 949,66",$949.66,BRL 949.66,949.66,94966
278,"R$ 59.171,01","$59,171.01",BRL 59171.01,59171.01,5917101
279,"R$ 106.799,44","$106,799.44",BRL 106799.44,106799.44,10679944
280,"R$ 564,41",$564.41,BRL 564.41,564.41,56441
281,"R$ 699,77",$699.77,BRL 699.77,699.77,69977
282,"R$ 168,62",$168.62,BRL 168.62,168.62,16862
283,"R$ 748,18",$748.18,BRL 748.18,748.18,74818
284,"R$ 418.685,53","$418,685.53",BRL 418685.53,418685.53,41868553
285,"R$ 108,99",$108.99,BRL 108.99,108.99,10899
286,"R$ 0,00",$0.00,BRL 0.00,0.00,0
287,"R$ 677,67",$677.67,BRL 677.67,677.67,67767
288,"R$ 397,26",$397.26,BRL 397.26,397.26,39726
289,"R$ 76,92",$76.92,BRL 76.92,76.92,7692
290,"R$ 627,62",$627.62,BRL 627.62,627.62,62762
291,"R$ 397.616,40","$397,616.40",BRL 397616.40,397616.40,39761640
292,"R$ 600,81",$600.81,BRL 600.81,600.81,60080
293,"R$ 492.729,96","$492,729.96",BRL 492729.96,492729.96,49272996
294,"R$ 347,86",$347.86,BRL 347.86,347.86,34786
295,"R$ 371,20",$371.20,BRL 371.20,371.20,37120
296,"R$ 341,89",$341.89,BRL 341.89,341.89,34189
297,"R$ 822,51",$822.51,BRL 822.51,822.51,82251
298,"R$ 482.354,41","$482,354.41",BRL 482354.41,482354.41,48235441
299,"R$ 828,88",$828.88,BRL 828.88,828.88,82888
300,"R$ 436,05",$436.05,BRL 436.05,436.05,43605
301,"R$ 965,51",$965.51,BRL 965.51,965.51,96551
302,"R$ 808,39",$808.39,BRL 808.39,808.39,80839
303,"R$ 484,01",$484.01,BRL 484.01,484.01,48401
304,"R$ 731,30",$731.30,BRL 731.30,731.30,73130
305,"R$ 851,86",$851.86,BRL 851.86,851.86,85186
306,"R$ 87,58",$87.58,BRL 87.58,87.58,8758
307,"R$ 244,62",$244.62,BRL 244.62,244.62,24462
308,"R$ 610,72",$610.72,BRL 610.72,610.72,61072
309,"R$ 29,67",$29.67,BRL 29.67,29.67,2967
310,"R$ 182,66",$182.66,BRL 182.66,182.66,18266
311,"R$ 798,03",$798.03,BRL 798.03,798.03,79803
312,"R$ 880,44",$880.44,BRL 880.44,880.44,88044
313,"R$ 276,99",$276.99,BRL 276.99,276.99,27699
314,"R$ 0,00",$0.00,BRL 0.00,0.00,0
315,"R$ 86,53",$86.53,BRL 86.53,86.53,8653
316,"R$ 489,09",$489.09,BRL 489.09,489.09,48909
317,"R$ 690,92",$690.92,BRL 690.92,690.92,69092
318,"R$ 491,33",$491.33,BRL 491.33,491.33,49133
319,"R$ 93,96",$93.96,BRL 93.96,93.96,9396
320,"R$ 692,10",$692.10,BRL 692.10,692.10,69210
321,"R$ 581,97",$581.97,BRL 581.97,581.97,58197
322,"R$ 531,39",$531.39,BRL 531.39,531.39,53139
323,"R$ 746,19",$746.19,BRL 746.19,746.19,74619
324,"R$ 703,15",$703.15,BRL 703.15,703.15,70315
325,"R$ 252,15",$252.15,BRL 252.15,252.15,25215
326,"R$ 136.662,93","$136,662.93",BRL 136662.93,136662.93,13666293
327,"R$ 291.138,78","$291,138.78",BRL 291138.78,291138.78,29113878
328,"R$ 185,96",$185.96,BRL 185.96,185.96,18596
329,"R$ 484,71",$484.71,BRL 484.71,484.71,48471
330,"R$ 976,63",$976.63,BRL 976.63,976.63,97663
331,"R$ 283,72",$283.72,BRL 283.72,283.72,28372
332,"R$ 137.352,91","$137,352.91",BRL 137352.91,137352.91,13735291
333,"R$ 180,26",$180.26,BRL 180.26,180.26,18026
334,"R$ 0,00",$0.00,BRL 0.00,0.00,0
335,"R$ 275,04",$275.04,BRL 275.04,275.04,27504
336,"R$ 553,81",$553.81,BRL 553.81,553.81,55380
337,"R$ 127,15",$127.15,BRL 127.15,127.15,12715
338,"R$ 491,39",$491.39,BRL 491.39,491.39,49139
339,"R$ 574,49",$574.49,BRL 574.49,574.49,57449
340,"R$ 441,03",$441.03,BRL 441.03,441.03,44103
341,"R$ 73.119,52","$73,119.52",BRL 73119.52,73119.52,7311952
342,"R$ 478,25",$478.25,BRL 478.25,478.25,47825
343,"R$ 401,31",$401.31,BRL 401.31,401.31,40131
344,"R$ 0,00",$0.00,BRL 0.00,0.00,0
345,"R$ 54,56",$54.56,BRL 54.56,54.56,5456
346,"R$ 303.277,82","$303,277.82",BRL 303277.82,303277.82,30327782
347,"R$ 993,92",$993.92,BRL 993.92,993.92,99392
348,"R$ 393.999,55","$393,999.55",BRL 393999.55,393999.55,39399955
349,"R$ 790,95",$790.95,BRL 790.95,790.95,79095
350,"R$ 523,05",$523.05,BRL 523.05,523.05,52304
351,"R$ 443,28",$443.28,BRL 443.28,443.28,44328
352,"R$ 990,04",$990.04,BRL 990.04,990.04,99004
353,"R$ 621,41",$621.41,BRL 621.41,621.41,62141
354,"R$ 740,35",$740.35,BRL 740.35,740.35,74035
355,"R$ 208,58",$208.58,BRL 208.58,208.58,20858
356,"R$ 660,77",$660.77,BRL 660.77,660.77,66077
357,"R$ 128.216,10","$128,216.10",BRL 128216.10,128216.10,12821610
358,"R$ 0,00",$0.00,BRL 0.00,0.00,0
359,"R$ 0,00",$0.00,BRL 0.00,0.00,0
360,"R$ 594,22",$594.22,BRL 594.22,594.22,59422
361,"R$ 232,24",$232.24,BRL 232.24,232.24,23224
362,"R$ 703,28",$703.28,BRL 703.28,703.28,70328
363,"R$ 687,70",$687.70,BRL 687.70,687.70,68770
364,"R$ 788,04",$788.04,BRL 788.04,788.04,78804
365,"R$ 661,52",$661.52,BRL 661.52,661.52,66152
366,"R$ 425,71",$425.71,BRL 425.71,425.71,42571
367,"R$ 647,99",$647.99,BRL 647.99,647.99,64799
368,"R$ 826,80",$826.80,BRL 826.80,826.80,82680
369,"R$ 0,00",$0.00,BRL 0.00,0.00,0
370,"R$ 188.425,32","$188,425.32",BRL 188425.32,188425.32,18842532
371,"R$ 569,64",$569.64,BRL 569.64,569.64,56964
372,"R$ 125,23",$125.23,BRL 125.23,125.23,12523
373,"R$ 700,03",$700.03,BRL 700.03,700.03,70003
374,"R$ 500,97",$500.97,BRL 500.97,500.97,50097
375,"R$ 81,36",$81.36,BRL 81.36,81.36,8136
376,"R$ 0,00",$0.00,BRL 0.00,0.00,0
377,"R$ 323,00",$323.00,BRL 323.00,323.00,32300
378,"R$ 92,24",$92.24,BRL 92.24,92.24,9224
379,"R$ 836,12",$836.12,BRL 836.12,836.12,83612
380,"R$ 950,84",$950.84,BRL 950.84,950.84,95084
381,"R$ 672,61",$672.61,BRL 672.61,672.61,67261
382,"R$ 41,19",$41.19,BRL 41.19,41.19,4119
383,"R$ 471,03",$471.03,BRL 471.03,471.03,47103
384,"R$ 916,16",$916.16,BRL 916.16,916.16,91616
385,"R$ 313.398,33","$313,398.33",BRL 313398.33,313398.33,31339833
386,"R$ 492,23",$492.23,BRL 492.23,492.23,49223
387,"R$ 0,00",$0.00,BRL 0.00,0.00,0
388,"R$ 333,98",$333.98,BRL 333.98,333.98,33398
389,"R$ 857,88",$857.88,BRL 857.88,857.88,85788
390,"R$ 693,98",$693.98,BRL 693.98,693.98,69398
391,"R$ 945,25",$945.25,BRL 945.25,945.25,94525
392,"R$ 550,55",$550.55,BRL 550.55,550.55,55054
393,"R$ 315,20",$315.20,BRL 315.20,315.20,31520
394,"R$ 970,21",$970.21,BRL 970.21,970.21,97021
395,"R$ 515,08",$515.08,BRL 515.08,515.08,51508
396,"R$ 658,00",$658.00,BRL 658.00,658.00,65800
397,"R$ 413,83",$413.83,BRL 413.83,413.83,41383
398,"R$ 212.800,71","$212,800.71",BRL 212800.71,212800.71,21280071
399,"R$ 625,78",$625.78,BRL 625.78,625.78,62578
400,"R$ 204,35",$204.35,BRL 204.35,204.35,20435
401,"R$ 927,75",$927.75,BRL 927.75,927.75,92775
402,"R$ 698,55",$698.55,BRL 698.55,698.55,69855
403,"R$ 487.916,07","$487,916.07",BRL 487916.07,487916.07,48791607
404,"R$ 240,06",$240.06,BRL 240.06,240.06,24006
405,"R$ 297.877,55","$297,877.55",BRL 297877.55,297877.55,29787755
406,"R$ 94,12",$94.12,BRL 94.12,94.12,9412
407,"R$ 913,02",$913.02,BRL 913.02,913.02,91302
408,"R$ 118,35",$118.35,BRL 118.35,118.35,11835
409,"R$ 498,88",$498.88,BRL 498.88,498.88,49888
410,"R$ 509,36",$509.36,BRL 509.36,509.36,50936
411,"R$ 834,89",$834.89,BRL 834.89,834.89,83489
412,"R$ 244,49",$244.49,BRL 244.49,244.49,24449
413,"R$ 384,20",$384.20,BRL 384.20,384.20,38420
414,"R$ 508,73",$508.73,BRL 508.73,508.73,50873
415,"R$ 864,16",$864.16,BRL 864.16,864.16,86416
416,"R$ 790,22",$790.22,BRL 790.22,790.22,79022
417,"R$ 934,31",$934.31,BRL 934.31,934.31,93431
418,"R$ 820,73",$820.73,BRL 820.73,820.73,82073
419,"R$ 299,26",$299.26,BRL 299.26,299.26,29926
420,"R$ 998,90",$998.90,BRL 998.90,998.90,99890
421,"R$ 149,45",$149.45,BRL 149.45,149.45,14944
422,"R$ 345,78",$345.78,BRL 345.78,345.78,34578
423,"R$ 543,89",$543.89,BRL 543.89,543.89,54389
424,"R$ 322,46",$322.46,BRL 322.46,322.46,32245
425,"R$ 363.874,29","$363,874.29",BRL 363874.29,363874.29,36387429
426,"R$ 234,33",$234.33,BRL 234.33,234.33,23433
427,"R$ 44,60",$44.60,BRL 44.60,44.60,4460
428,"R$ 705,52",$705.52,BRL 705.52,705.52,70552
429,"R$ 386,69",$386.69,BRL 386.69,386.69,38669
430,"R$ 820,93",$820.93,BRL 820.93,820.93,82093
431,"R$ 495,83",$495.83,BRL 495.83,495.83,49583
432,"R$ 0,00",$0.00,BRL 0.00,0.00,0
433,"R$ 590,59",$590.59,BRL 590.59,590.59,59059
434,"R$ 874,32",$874.32,BRL 874.32,874.32,87432
435,"R$ 526,43",$526.43,BRL 526.43,526.43,52642
436,"R$ 722,72",$722.72,BRL 722.72,722.72,72272
437,"R$ 655,13",$655.13,BRL 655.13,655.13,65513
438,"R$ 261.270,77","$261,270.77",BRL 261270.77,261270.77,26127077
439,"R$ 339,22",$339.22,BRL 339.22,339.22,33922
440,"R$ 650,19",$650.19,BRL 650.19,650.19,65019
441,"R$ 852,49",$852.49,BRL 852.49,852.49,85249
442,"R$ 380,63",$380.63,BRL 380.63,380.63,38063
443,"R$ 719,00",$719.00,BRL 719.00,719.00,71900
444,"R$ 872,51",$872.51,BRL 872.51,872.51,87251
445,"R$ 0,00",$0.00,BRL 0.00,0.00,0
446,"R$ 0,00",$0.00,BRL 0.00,0.00,0
447,"R$ 921,01",$921.01,BRL 921.01,921.01,92101
448,"R$ 747,02",$747.02,BRL 747.02,747.02,74702
449,"R$ 99,34",$99.34,BRL 99.34,99.34,9934
450,"R$ 872,71",$872.71,BRL 872.71,872.71,87271
451,"R$ 694,31",$694.31,BRL 694.31,694.31,69431
452,"R$ 46,94",$46.94,BRL 46.94,46.94,4694
453,"R$ 294,07",$294.07,BRL 294.07,294.07,29407
454,"R$ 146,42",$146.42,BRL 146.42,146.42,14641
455,"R$ 566,36",$566.36,BRL 566.36,566.36,56636
456,"R$ 170,81",$170.81,BRL 170.81,170.81,17081
457,"R$ 0,00",$0.00,BRL 0.00,0.00,0
458,"R$ 620,09",$620.09,BRL 620.09,620.09,62009
459,"R$ 912,92",$912.92,BRL 912.92,912.92,91292
460,"R$ 257.517,46","$257,517.46",BRL 257517.46,257517.46,25751746
461,"R$ 256,07",$256.07,BRL 256.07,256.07,25607
462,"R$ 0,00",$0.00,BRL 0.00,0.00,0
463,"R$ 901,31",$901.31,BRL 901.31,901.31,90131
464,"R$ 158,82",$158.82,BRL 158.82,158.82,15882
465,"R$ 346,22",$346.22,BRL 346.22,346.22,34622
466,"R$ 639,30",$639.30,BRL 639.30,639.30,63929
467,"R$ 250,85",$250.85,BRL 250.85,250.85,25085
468,"R$ 200,02",$200.02,BRL 200.02,200.02,20002
469,"R$ 483,72",$483.72,BRL 483.72,483.72,48372
470,"R$ 572,35",$572.35,BRL 572.35,572.35,57235
471,"R$ 992,70",$992.70,BRL 992.70,992.70,99270
472,"R$ 977,97",$977.97,BRL 977.97,977.97,97797
473,"R$ 275,21",$275.21,BRL 275.21,275.21,27520
474,"R$ 686,11",$686.11,BRL 686.11,686.11,68611
475,"R$ 50,00",$50.00,BRL 50.00,50.00,5000
476,"R$ 497,23",$497.23,BRL 497.23,497.23,49723
477,"R$ 286,91",$286.91,BRL 286.91,286.91,28691
478,"R$ 607,46",$607.46,BRL 607.46,607.46,60746
479,"R$ 636,98",$636.98,BRL 636.98,636.98,63698
480,"R$ 678,09",$678.09,BRL 678.09,678.09,67809
481,"R$ 659,52",$659.52,BRL 659.52,659.52,65952
482,"R$ 628,62",$628.62,BRL 628.62,628.62,62862
483,"R$ 646,69",$646.69,BRL 646.69,646.69,64669
484,"R$ 441,38",$441.38,BRL 441.38,441.38,44138
485,"R$ 732,63",$732.63,BRL 732.63,732.63,73263
486,"R$ 0,00",$0.00,BRL 0.00,0.00,0
487,"R$ 747,73",$747.73,BRL 747.73,747.73,74773
488,"R$ 109.471,91","$109,471.91",BRL 109471.91,109471.91,10947191
489,"R$ 971,52",$971.52,BRL 971.52,971.52,97152
490,"R$ 913,57",$913.57,BRL 913.57,913.57,91357
491,"R$ 257,71",$257.71,BRL 257.71,257.71,25770
492,"R$ 482,37",$482.37,BRL 482.37,482.37,48237
493,"R$ 746,81",$746.81,BRL 746.81,746.81,74681
494,"R$ 116,05",$116.05,BRL 116.05,116.05,11605
495,"R$ 141,62",$141.62,BRL 141.62,141.62,14162
496,"R$ 860,28",$860.28,BRL 860.28,860.28,86028
497,"R$ 979,96",$979.96,BRL 979.96,979.96,97996
498,"R$ 804,78",$804.78,BRL 804.78,804.78,80478
499,"R$ 790,89",$790.89,BRL 790.89,790.89,79089
500,"R$ 0,00",$0.00,BRL 0.00,0.00,0
501,"R$ 455,33",$455.33,BRL 455.33,455.33,45533
502,"R$ 672,67",$672.67,BRL 672.67,672.67,67267
503,"R$ 822,59",$822.59,BRL 822.59,822.59,82259
504,"R$ 109,24",$109.24,BRL 109.24,109.24,10924
505,"R$ 26,00",$26.00,BRL 26.00,26.00,2600
506,"R$ 561,85",$561.85,BRL 561.85,561.85,56185
507,"R$ 222,15",$222.15,BRL 222.15,222.15,22215
508,"R$ 0,00",$0.00,BRL 0.00,0.00,0
509,"R$ 909,48",$909.48,BRL 909.48,909.48,90948
510,"R$ 408,89",$408.89,BRL 408.89,408.89,40889
511,"R$ 475.817,69","$475,817.69",BRL 475817.69,475817.69,47581769
512,"R$ 493,13",$493.13,BRL 493.13,493.13,49313
513,"R$ 0,00",$0.00,BRL 0.00,0.00,0
514,"R$ 136,53",$136.53,BRL 136.53,136.53,13653
515,"R$ 670,82",$670.82,BRL 670.82,670.82,67082
516,"R$ 946,03",$946.03,BRL 946.03,946.03,94603
517,"R$ 742,53",$742.53,BRL 742.53,742.53,74253
518,"R$ 236.698,04","$236,698.04",BRL 236698.04,236698.04,23669804
519,"R$ 0,00",$0.00,BRL 0.00,0.00,0
520,"R$ 408,71",$408.71,BRL 408.71,408.71,40871
521,"R$ 33,68",$33.68,BRL 33.68,33.68,3368
522,"R$ 443,94",$443.94,BRL 443.94,443.94,44394
523,"R$ 855,59",$855.59,BRL 855.59,855.59,85559
524,"R$ 0,00",$0.00,BRL 0.00,0.00,0
525,"R$ 544,92",$544.92,BRL 544.92,544.92,54491
526,"R$ 359,32",$359.32,BRL 359.32,359.32,35932
527,"R$ 190,62",$190.62,BRL 190.62,190.62,19062
528,"R$ 431.614,93","$431,614.93",BRL 431614.93,431614.93,43161493
529,"R$ 663,11",$663.11,BRL 663.11,663.11,66311
530,"R$ 597,55",$597.55,BRL 597.55,597.55,59754
531,"R$ 0,00",$0.00,BRL 0.00,0.00,0
532,"R$ 244,33",$244.33,BRL 244.33,244.33,24433
533,"R$ 304.060,09","$304,060.09",BRL 304060.09,304060.09,30406009
534,"R$ 0,00",$0.00,BRL 0.00,0.00,0
535,"R$ 207,95",$207.95,BRL 207.95,207.95,20795
536,"R$ 869,83",$869.83,BRL 869.83,869.83,86983
537,"R$ 148,41",$148.41,BRL 148.41,148.41,14841
538,"R$ 3,83",$3.83,BRL 3.83,3.83,383
539,"R$ 145,54",$145.54,BRL 145.54,145.54,14554
540,"R$ 162.794,39","$162,794.39",BRL 162794.39,162794.39,16279439
541,"R$ 347.475,94","$347,475.94",BRL 347475.94,347475.94,34747594
542,"R$ 0,00",$0.00,BRL 0.00,0.00,0
543,"R$ 0,00",$0.00,BRL 0.00,0.00,0
544,"R$ 238,69",$238.69,BRL 238.69,238.69,23869
545,"R$ 175,07",$175.07,BRL 175.07,175.07,17507
546,"R$ 0,00",$0.00,BRL 0.00,0.00,0
547,"R$ 526,56",$526.56,BRL 526.56,526.56,52655
548,"R$ 476,77",$476.77,BRL 476.77,476.77,47677
549,"R$ 513,72",$513.72,BRL 513.72,513.72,51372
550,"R$ 276.727,41","$276,727.41",BRL 276727.41,276727.41,27672740
551,"R$ 44,32",$44.32,BRL 44.32,44.32,4432
552,"R$ 867,11",$867.11,BRL 867.11,867.11,86711
553,"R$ 458,58",$458.58,BRL 458.58,458.58,45858
554,"R$ 61,76",$61.76,BRL 61.76,61.76,6176
555,"R$ 402,22",$402.22,BRL 402.22,402.22,40222
556,"R$ 490,78",$490.78,BRL 490.78,490.78,49078
557,"R$ 74,42",$74.42,BRL 74.42,74.42,7442
558,"R$ 0,00",$0.00,BRL 0.00,0.00,0
559,"R$ 66,62",$66.62,BRL 66.62,66.62,6662
560,"R$ 633,44",$633.44,BRL 633.44,633.44,63344
561,"R$ 325,86",$325.86,BRL 325.86,325.86,32586
562,"R$ 531,03",$531.03,BRL 531.03,531.03,53103
563,"R$ 605,82",$605.82,BRL 605.82,605.82,60582
564,"R$ 0,00",$0.00,BRL 0.00,0.00,0
565,"R$ 852,94",$852.94,BRL 852.94,852.94,85294
566,"R$ 769,19",$769.19,BRL 769.19,769.19,76919
567,"R$ 215,81",$215.81,BRL 215.81,215.81,21581
568,"R$ 229,27",$229.27,BRL 229.27,229.27,22927
569,"R$ 454,05",$454.05,BRL 454.05,454.05,45405
570,"R$ 95,99",$95.99,BRL 95.99,95.99,9599
571,"R$ 665,44",$665.44,BRL 665.44,665.44,66544
572,"R$ 153,49",$153.49,BRL 153.49,153.49,15349
573,"R$ 68,07",$68.07,BRL 68.07,68.07,6806
574,"R$ 94,14",$94.14,BRL 94.14,94.14,9414
575,"R$ 0,00",$0.00,BRL 0.00,0.00,0
576,"R$ 811,96",$811.96,BRL 811.96,811.96,81196
577,"R$ 586,88",$586.88,BRL 586.88,586.88,58688
578,"R$ 330,32",$330.32,BRL 330.32,330.32,33032
579,"R$ 209.119,14","$209,119.14",BRL 209119.14,209119.14,20911914
580,"R$ 750,53",$750.53,BRL 750.53,750.53,75053
581,"R$ 721,34",$721.34,BRL 721.34,721.34,72134
582,"R$ 600,81",$600.81,BRL 600.81,600.81,60080
583,"R$ 578,34",$578.34,BRL 578.34,578.34,57834
584,"R$ 657,08",$657.08,BRL 657.08,657.08,65708
585,"R$ 109,11",$109.11,BRL 109.11,109.11,10911
586,"R$ 368,19",$368.19,BRL 368.19,368.19,36819
587,"R$ 574,53",$574.53,BRL 574.53,574.53,57453
588,"R$ 845,31",$845.31,BRL 845.31,845.31,84531
589,"R$ 818,61",$818.61,BRL 818.61,818.61,81861
590,"R$ 643,06",$643.06,BRL 643.06,643.06,64305
591,"R$ 0,00",$0.00,BRL 0.00,0.00,0
592,"R$ 829,63",$829.63,BRL 829.63,829.63,82963
593,"R$ 181,24",$181.24,BRL 181.24,181.24,18124
594,"R$ 309,68",$309.68,BRL 309.68,309.68,30968
595,"R$ 7,10",$7.10,BRL 7.10,7.10,710
596,"R$ 566,75",$566.75,BRL 566.75,566.75,56675
597,"R$ 142,73",$142.73,BRL 142.73,142.73,14272
598,"R$ 31,63",$31.63,BRL 31.63,31.63,3163
599,"R$ 215,92",$215.92,BRL 215.92,215.92,21592
600,"R$ 341,56",$341.56,BRL 341.56,341.56,34156
601,"R$ 721,87",$721.87,BRL 721.87,721.87,72187
602,"R$ 568,03",$568.03,BRL 568.03,568.03,56803
603,"R$ 0,00",$0.00,BRL 0.00,0.00,0
604,"R$ 0,00",$0.00,BRL 0.00,0.00,0
605,"R$ 328.027,18","$328,027.18",BRL 328027.18,328027.18,32802718
606,"R$ 272,83",$272.83,BRL 272.83,272.83,27283
607,"R$ 486,18",$486.18,BRL 486.18,486.18,48618
608,"R$ 273,89",$273.89,BRL 273.89,273.89,27389
609,"R$ 114,70",$114.70,BRL 114.70,114.70,11470
610,"R$ 283,96",$283.96,BRL 283.96,283.96,28395
611,"R$ 487,15",$487.15,BRL 487.15,487.15,48715
612,"R$ 46,37",$46.37,BRL 46.37,46.37,4637
613,"R$ 599,73",$599.73,BRL 599.73,599.73,59973
614,"R$ 0,00",$0.00,BRL 0.00,0.00,0
615,"R$ 212,02",$212.02,BRL 212.02,212.02,21202
616,"R$ 164.983,78","$164,983.78",BRL 164983.78,164983.78,16498378
617,"R$ 8,72",$8.72,BRL 8.72,8.72,872
618,"R$ 176,52",$176.52,BRL 176.52,176.52,17652
619,"R$ 703,97",$703.97,BRL 703.97,703.97,70397
620,"R$ 833,52",$833.52,BRL 833.52,833.52,83352
621,"R$ 73,00",$73.00,BRL 73.00,73.00,7300
622,"R$ 43,26",$43.26,BRL 43.26,43.26,4326
623,"R$ 0,00",$0.00,BRL 0.00,0.00,0
624,"R$ 862,25",$862.25,BRL 862.25,862.25,86225
625,"R$ 573,83",$573.83,BRL 573.83,573.83,57383
626,"R$ 418,28",$418.28,BRL 418.28,418.28,41828
627,"R$ 59.385,45","$59,385.45",BRL 59385.45,59385.45,5938545
628,"R$ 801,52",$801.52,BRL 801.52,801.52,80152
629,"R$ 832,19",$832.19,BRL 832.19,832.19,83219
630,"R$ 89,04",$89.04,BRL 89.04,89.04,8904
631,"R$ 244,07",$244.07,BRL 244.07,244.07,24407
632,"R$ 524,44",$524.44,BRL 524.44,524.44,52444
633,"R$ 310,96",$310.96,BRL 310.96,310.96,31095
634,"R$ 333,74",$333.74,BRL 333.74,333.74,33374
635,"R$ 279.717,48","$279,717.48",BRL 279717.48,279717.48,27971748
636,"R$ 279.478,43","$279,478.43",BRL 279478.43,279478.43,27947843
637,"R$ 350,03",$350.03,BRL 350.03,350.03,35003
638,"R$ 819,13",$819.13,BRL 819.13,819.13,81913
639,"R$ 237,03",$237.03,BRL 237.03,237.03,23703
640,"R$ 138.772,31","$138,772.31",BRL 138772.31,138772.31,13877231
641,"R$ 760,46",$760.46,BRL 760.46,760.46,76046
642,"R$ 177,97",$177.97,BRL 177.97,177.97,17797
643,"R$ 494,62",$494.62,BRL 494.62,494.62,49462
644,"R$ 760,12",$760.12,BRL 760.12,760.12,76012
645,"R$ 924,23",$924.23,BRL 924.23,924.23,92423
646,"R$ 635,66",$635.66,BRL 635.66,635.66,63566
647,"R$ 864,38",$864.38,BRL 864.38,864.38,86438
648,"R$ 151,81",$151.81,BRL 151.81,151.81,15181
649,"R$ 0,00",$0.00,BRL 0.00,0.00,0
650,"R$ 303,52",$303.52,BRL 303.52,303.52,30352
651,"R$ 57,12",$57.12,BRL 57.12,57.12,5712
652,"R$ 311,10",$311.10,BRL 311.10,311.10,31110
653,"R$ 57,83",$57.83,BRL 57.83,57.83,5783
654,"R$ 77,65",$77.65,BRL 77.65,77.65,7765
655,"R$ 855,44",$855.44,BRL 855.44,855.44,85544
656,"R$ 507,56",$507.56,BRL 507.56,507.56,50756
657,"R$ 554,76",$554.76,BRL 554.76,554.76,55476
658,"R$ 895,98",$895.98,BRL 895.98,895.98,89598
659,"R$ 810,01",$810.01,BRL 810.01,810.01,81001
660,"R$ 322,21",$322.21,BRL 322.21,322.21,32220
661,"R$ 151,71",$151.71,BRL 151.71,151.71,15171
662,"R$ 0,00",$0.00,BRL 0.00,0.00,0
663,"R$ 454.607,08","$454,607.08",BRL 454607.08,454607.08,45460708
664,"R$ 714,60",$714.60,BRL 714.60,714.60,71460
665,"R$ 173,39",$173.39,BRL 173.39,173.39,17339
666,"R$ 438,32",$438.32,BRL 438.32,438.32,43832
667,"R$ 523,23",$523.23,BRL 523.23,523.23,52323
668,"R$ 217.783,39","$217,783.39",BRL 217783.39,217783.39,21778339
669,"R$ 409,36",$409.36,BRL 409.36,409.36,40936
670,"R$ 598,29",$598.29,BRL 598.29,598.29,59829
671,"R$ 647,66",$647.66,BRL 647.66,647.66,64766
672,"R$ 0,00",$0.00,BRL 0.00,0.00,0
673,"R$ 0,00",$0.00,BRL 0.00,0.00,0
674,"R$ 284,86",$284.86,BRL 284.86,284.86,28486
675,"R$ 656,91",$656.91,BRL 656.91,656.91,65691
676,"R$ 873,41",$873.41,BRL 873.41,873.41,87341
677,"R$ 583,16",$583.16,BRL 583.16,583.16,58316
678,"R$ 207.419,35","$207,419.35",BRL 207419.35,207419.35,20741935
679,"R$ 698,78",$698.78,BRL 698.78,698.78,69878
680,"R$ 595,45",$595.45,BRL 595.45,595.45,59545
681,"R$ 310,27",$310.27,BRL 310.27,310.27,31027
682,"R$ 791,87",$791.87,BRL 791.87,791.87,79187
683,"R$ 670,45",$670.45,BRL 670.45,670.45,67045
684,"R$ 739,04",$739.04,BRL 739.04,739.04,73904
685,"R$ 526,87",$526.87,BRL 526.87,526.87,52687
686,"R$ 423,98",$423.98,BRL 423.98,423.98,42398
687,"R$ 363,24",$363.24,BRL 363.24,363.24,36324
688,"R$ 146.386,70","$146,386.70",BRL 146386.70,146386.70,14638670
689,"R$ 486,78",$486.78,BRL 486.78,486.78,48678
690,"R$ 138,43",$138.43,BRL 138.43,138.43,13843
691,"R$ 0,00",$0.00,BRL 0.00,0.00,0
692,"R$ 102,04",$102.04,BRL 102.04,102.04,10204
693,"R$ 835,28",$835.28,BRL 835.28,835.28,83528
694,"R$ 38,71",$38.71,BRL 38.71,38.71,3871
695,"R$ 766,54",$766.54,BRL 766.54,766.54,76654
696,"R$ 219.523,94","$219,523.94",BRL 219523.94,219523.94,21952394
697,"R$ 424.105,28","$424,105.28",BRL 424105.28,424105.28,42410528
698,"R$ 809,23",$809.23,BRL 809.23,809.23,80923
699,"R$ 246.953,03","$246,953.03",BRL 246953.03,246953.03,24695303
700,"R$ 676,69",$676.69,BRL 676.69,676.69,67669
701,"R$ 444,75",$444.75,BRL 444.75,444.75,44475
702,"R$ 748,79",$748.79,BRL 748.79,748.79,74879
703,"R$ 534,48",$534.48,BRL 534.48,534.48,53448
704,"R$ 808,82",$808.82,BRL 808.82,808.82,80882
705,"R$ 835,28",$835.28,BRL 835.28,835.28,83528
706,"R$ 947,18",$947.18,BRL 947.18,947.18,94718
707,"R$ 462,22",$462.22,BRL 462.22,462.22,46222
708,"R$ 382,49",$382.49,BRL 382.49,382.49,38249
709,"R$ 966,30",$966.30,BRL 966.30,966.30,96630
710,"R$ 801,46",$801.46,BRL 801.46,801.46,80146
711,"R$ 162.501,45","$162,501.45",BRL 162501.45,162501.45,16250145
712,"R$ 874,24",$874.24,BRL 874.24,874.24,87424
713,"R$ 103,49",$103.49,BRL 103.49,103.49,10349
714,"R$ 851,31",$851.31,BRL 851.31,851.31,85131
715,"R$ 763,35",$763.35,BRL 763.35,763.35,76335
716,"R$ 905,40",$905.40,BRL 905.40,905.40,90540
717,"R$ 246.862,65","$246,862.65",BRL 246862.65,246862.65,24686265
718,"R$ 222,82",$222.82,BRL 222.82,222.82,22282
719,"R$ 350,24",$350.24,BRL 350.24,350.24,35024
720,"R$ 0,00",$0.00,BRL 0.00,0.00,0
721,"R$ 0,00",$0.00,BRL 0.00,0.00,0
722,"R$ 236,54",$236.54,BRL 236.54,236.54,23654
723,"R$ 375,54",$375.54,BRL 375.54,375.54,37554
724,"R$ 0,00",$0.00,BRL 0.00,0.00,0
725,"R$ 839,34",$839.34,BRL 839.34,839.34,83934
726,"R$ 791,59",$791.59,BRL 791.59,791.59,79159
727,"R$ 179.095,73","$179,095.73",BRL 179095.73,179095.73,17909573
728,"R$ 696,38",$696.38,BRL 696.38,696.38,69638
729,"R$ 367.491,28","$367,491.28",BRL 367491.28,367491.28,36749128
730,"R$ 6,25",$6.25,BRL 6.25,6.25,625
731,"R$ 0,00",$0.00,BRL 0.00,0.00,0
732,"R$ 835,13",$835.13,BRL 835.13,835.13,83513
733,"R$ 727,51",$727.51,BRL 727.51,727.51,72751
734,"R$ 112,08",$112.08,BRL 112.08,112.08,11208
735,"R$ 301,85",$301.85,BRL 301.85,301.85,30185
736,"R$ 0,00",$0.00,BRL 0.00,0.00,0
737,"R$ 794,11",$794.11,BRL 794.11,794.11,79411
738,"R$ 111,75",$111.75,BRL 111.75,111.75,11175
739,"R$ 597,14",$597.14,BRL 597.14,597.14,59714
740,"R$ 0,00",$0.00,BRL 0.00,0.00,0
741,"R$ 242,70",$242.70,BRL 242.70,242.70,24270
742,"R$ 243.157,50","$243,157.50",BRL 243157.50,243157.50,24315750
743,"R$ 241,32",$241.32,BRL 241.32,241.32,24132
744,"R$ 664,71",$664.71,BRL 664.71,664.71,66471
745,"R$ 0,00",$0.00,BRL 0.00,0.00,0
746,"R$ 68,61",$68.61,BRL 68.61,68.61,6861
747,"R$ 507,82",$507.82,BRL 507.82,507.82,50782
748,"R$ 554,60",$554.60,BRL 554.60,554.60,55460
749,"R$ 470,66",$470.66,BRL 470.66,470.66,47066
750,"R$ 981,06",$981.06,BRL 981.06,981.06,98106
751,"R$ 17,23",$17.23,BRL 17.23,17.23,1723
752,"R$ 345,46",$345.46,BRL 345.46,345.46,34546
753,"R$ 628,63",$628.63,BRL 628.63,628.63,62863
754,"R$ 735,45",$735.45,BRL 735.45,735.45,73545
755,"R$ 45,29",$45.29,BRL 45.29,45.29,4529
756,"R$ 813,70",$813.70,BRL 813.70,813.70,81370
757,"R$ 400.614,17","$400,614.17",BRL 400614.17,400614.17,40061417
758,"R$ 695,69",$695.69,BRL 695.69,695.69,69569
759,"R$ 811,69",$811.69,BRL 811.69,811.69,81169
760,"R$ 0,00",$0.00,BRL 0.00,0.00,0
761,"R$ 458,22",$458.22,BRL 458.22,458.22,45822
762,"R$ 44,76",$44.76,BRL 44.76,44.76,4476
763,"R$ 68.857,67","$68,857.67",BRL 68857.67,68857.67,6885767
764,"R$ 515,87",$515.87,BRL 515.87,515.87,51587
765,"R$ 543,49",$543.49,BRL 543.49,543.49,54349
766,"R$ 753,54",$753.54,BRL 753.54,753.54,75354
767,"R$ 210.638,38","$210,638.38",BRL 210638.38,210638.38,21063838
768,"R$ 865,93",$865.93,BRL 865.93,865.93,86593
769,"R$ 125,35",$125.35,BRL 125.35,125.35,12535
770,"R$ 889,60",$889.60,BRL 889.60,889.60,88960
771,"R$ 894,74",$894.74,BRL 894.74,894.74,89474
772,"R$ 973,75",$973.75,BRL 973.75,973.75,97375
773,"R$ 498,03",$498.03,BRL 498.03,498.03,49803
774,"R$ 519,76",$519.76,BRL 519.76,519.76,51976
775,"R$ 727,35",$727.35,BRL 727.35,727.35,72735
776,"R$ 0,00",$0.00,BRL 0.00,0.00,0
777,"R$ 822,52",$822.52,BRL 822.52,822.52,82252
778,"R$ 321,89",$321.89,BRL 321.89,321.89,32189
779,"R$ 0,00",$0.00,BRL 0.00,0.00,0
780,"R$ 307,19",$307.19,BRL 307.19,307.19,30719
781,"R$ 426,69",$426.69,BRL 426.69,426.69,42669
782,"R$ 352,20",$352.20,BRL 352.20,352.20,35220
783,"R$ 0,00",$0.00,BRL 0.00,0.00,0
784,"R$ 353,21",$353.21,BRL 353.21,353.21,35321
785,"R$ 275,28",$275.28,BRL 275.28,275.28,27527
786,"R$ 947,96",$947.96,BRL 947.96,947.96,94796
787,"R$ 0,00",$0.00,BRL 0.00,0.00,0
788,"R$ 363,95",$363.95,BRL 363.95,363.95,36395
789,"R$ 679,73",$679.73,BRL 679.73,679.73,67973
790,"R$ 143,64",$143.64,BRL 143.64,143.64,14363
791,"R$ 781,53",$781.53,BRL 781.53,781.53,78153
792,"R$ 0,00",$0.00,BRL 0.00,0.00,0
793,"R$ 0,00",$0.00,BRL 0.00,0.00,0
794,"R$ 366,96",$366.96,BRL 366.96,366.96,36696
795,"R$ 567,68",$567.68,BRL 567.68,567.68,56767
796,"R$ 679,38",$679.38,BRL 679.38,679.38,67938
797,"R$ 372,64",$372.64,BRL 372.64,372.64,37264
798,"R$ 574,35",$574.35,BRL 574.35,574.35,57435
799,"R$ 398,64",$398.64,BRL 398.64,398.64,39864
800,"R$ 250,36",$250.36,BRL 250.36,250.36,25036
801,"R$ 381.053,69","$381,053.69",BRL 381053.69,381053.69,38105369
802,"R$ 387,60",$387.60,BRL 387.60,387.60,38760
803,"R$ 262,51",$262.51,BRL 262.51,262.51,26251
804,"R$ 446,83",$446.83,BRL 446.83,446.83,44683
805,"R$ 286,29",$286.29,BRL 286.29,286.29,28629
806,"R$ 491,71",$491.71,BRL 491.71,491.71,49171
807,"R$ 433.771,83","$433,771.83",BRL 433771.83,433771.83,43377183
808,"R$ 898,78",$898.78,BRL 898.78,898.78,89878
809,"R$ 88,70",$88.70,BRL 88.70,88.70,8870
810,"R$ 845,68",$845.68,BRL 845.68,845.68,84568
811,"R$ 348,08",$348.08,BRL 348.08,348.08,34808
812,"R$ 0,00",$0.00,BRL 0.00,0.00,0
813,"R$ 891,44",$891.44,BRL 891.44,891.44,89144
814,"R$ 712,10",$712.10,BRL 712.10,712.10,71210
815,"R$ 638,06",$638.06,BRL 638.06,638.06,63805
816,"R$ 509,25",$509.25,BRL 509.25,509.25,50925
817,"R$ 140.441,17","$140,441.17",BRL 140441.17,140441.17,14044117
818,"R$ 405.667,88","$405,667.88",BRL 405667.88,405667.88,40566788
819,"R$ 0,00",$0.00,BRL 0.00,0.00,0
820,"R$ 369,54",$369.54,BRL 369.54,369.54,36954
821,"R$ 552,10",$552.10,BRL 552.10,552.10,55210
822,"R$ 87,13",$87.13,BRL 87.13,87.13,8713
823,"R$ 999,60",$999.60,BRL 999.60,999.60,99960
824,"R$ 526,17",$526.17,BRL 526.17,526.17,52616
825,"R$ 823,52",$823.52,BRL 823.52,823.52,82352
826,"R$ 0,00",$0.00,BRL 0.00,0.00,0
827,"R$ 642,70",$642.70,BRL 642.70,642.70,64270
828,"R$ 680,43",$680.43,BRL 680.43,680.43,68043
829,"R$ 878,08",$878.08,BRL 878.08,878.08,87808
830,"R$ 640,15",$640.15,BRL 640.15,640.15,64015
831,"R$ 484.819,08","$484,819.08",BRL 484819.08,484819.08,48481908
832,"R$ 910,80",$910.80,BRL 910.80,910.80,91080
833,"R$ 0,00",$0.00,BRL 0.00,0.00,0
834,"R$ 118.856,96","$118,856.96",BRL 118856.96,118856.96,11885696
835,"R$ 195.197,34","$195,197.34",BRL 195197.34,195197.34,19519734
836,"R$ 346,68",$346.68,BRL 346.68,346.68,34668
837,"R$ 895,03",$895.03,BRL 895.03,895.03,89503
838,"R$ 251,35",$251.35,BRL 251.35,251.35,25135
839,"R$ 551,29",$551.29,BRL 551.29,551.29,55129
840,"R$ 186.271,07","$186,271.07",BRL 186271.07,186271.07,18627107
841,"R$ 503,07",$503.07,BRL 503.07,503.07,50307
842,"R$ 473.723,14","$473,723.14",BRL 473723.14,473723.14,47372314
843,"R$ 346.429,79","$346,429.79",BRL 346429.79,346429.79,34642979
844,"R$ 605,53",$605.53,BRL 605.53,605.53,60553
845,"R$ 564,05",$564.05,BRL 564.05,564.05,56404
846,"R$ 29,35",$29.35,BRL 29.35,29.35,2935
847,"R$ 0,00",$0.00,BRL 0.00,0.00,0
848,"R$ 577,19",$577.19,BRL 577.19,577.19,57719
849,"R$ 767,19",$767.19,BRL 767.19,767.19,76719
850,"R$ 639,35",$639.35,BRL 639.35,639.35,63935
851,"R$ 627,54",$627.54,BRL 627.54,627.54,62754
852,"R$ 956,69",$956.69,BRL 956.69,956.69,95669
853,"R$ 804,88",$804.88,BRL 804.88,804.88,80488
854,"R$ 298,14",$298.14,BRL 298.14,298.14,29814
855,"R$ 0,00",$0.00,BRL 0.00,0.00,0
856,"R$ 0,00",$0.00,BRL 0.00,0.00,0
857,"R$ 484,77",$484.77,BRL 484.77,484.77,48477
858,"R$ 607,05",$607.05,BRL 607.05,607.05,60704
859,"R$ 718,64",$718.64,BRL 718.64,718.64,71864
860,"R$ 860,92",$860.92,BRL 860.92,860.92,86092
861,"R$ 131,64",$131.64,BRL 131.64,131.64,13163
862,"R$ 562,09",$562.09,BRL 562.09,562.09,56209
863,"R$ 467,01",$467.01,BRL 467.01,467.01,46701
864,"R$ 248,67",$248.67,BRL 248.67,248.67,24867
865,"R$ 0,00",$0.00,BRL 0.00,0.00,0
866,"R$ 384,77",$384.77,BRL 384.77,384.77,38477
867,"R$ 249,02",$249.02,BRL 249.02,249.02,24902
868,"R$ 160,54",$160.54,BRL 160.54,160.54,16054
869,"R$ 578,11",$578.11,BRL 578.11,578.11,57811
870,"R$ 763,36",$763.36,BRL 763.36,763.36,76336
871,"R$ 515,21",$515.21,BRL 515.21,515.21,51521
872,"R$ 309,23",$309.23,BRL 309.23,309.23,30923
873,"R$ 0,00",$0.00,BRL 0.00,0.00,0
874,"R$ 505,94",$505.94,BRL 505.94,505.94,50594
875,"R$ 215,93",$215.93,BRL 215.93,215.93,21593
876,"R$ 51,49",$51.49,BRL 51.49,51.49,5149
877,"R$ 882,46",$882.46,BRL 882.46,882.46,88246
878,"R$ 471,12",$471.12,BRL 471.12,471.12,47112
879,"R$ 847,33",$847.33,BRL 847.33,847.33,84733
880,"R$ 882,57",$882.57,BRL 882.57,882.57,88257
881,"R$ 764,09",$764.09,BRL 764.09,764.09,76409
882,"R$ 401,18",$401.18,BRL 401.18,401.18,40118
883,"R$ 195,46",$195.46,BRL 195.46,195.46,19546
884,"R$ 74,46",$74.46,BRL 74.46,74.46,7445
885,"R$ 764,64",$764.64,BRL 764.64,764.64,76464
886,"R$ 989,10",$989.10,BRL 989.10,989.10,98910
887,"R$ 119,69",$119.69,BRL 119.69,119.69,11969
888,"R$ 394,51",$394.51,BRL 394.51,394.51,39451
889,"R$ 339,75",$339.75,BRL 339.75,339.75,33975
890,"R$ 755,21",$755.21,BRL 755.21,755.21,75521
891,"R$ 279.105,13","$279,105.13",BRL 279105.13,279105.13,27910513
892,"R$ 46,26",$46.26,BRL 46.26,46.26,4626
893,"R$ 199.868,32","$199,868.32",BRL 199868.32,199868.32,19986832
894,"R$ 457,53",$457.53,BRL 457.53,457.53,45753
895,"R$ 515,99",$515.99,BRL 515.99,515.99,51599
896,"R$ 613,46",$613.46,BRL 613.46,613.46,61346
897,"R$ 495.777,08","$495,777.08",BRL 495777.08,495777.08,49577708
898,"R$ 299,94",$299.94,BRL 299.94,299.94,29994
899,"R$ 828,46",$828.46,BRL 828.46,828.46,82846
900,"R$ 709,03",$709.03,BRL 709.03,709.03,70903
901,"R$ 815,93",$815.93,BRL 815.93,815.93,81593
902,"R$ 674,13",$674.13,BRL 674.13,674.13,67413
903,"R$ 584,12",$584.12,BRL 584.12,584.12,58412
904,"R$ 725,60",$725.60,BRL 725.60,725.60,72560
905,"R$ 27,62",$27.62,BRL 27.62,27.62,2762
906,"R$ 967,10",$967.10,BRL 967.10,967.10,96710
907,"R$ 776,39",$776.39,BRL 776.39,776.39,77639
908,"R$ 721,68",$721.68,BRL 721.68,721.68,72168
909,"R$ 171,34",$171.34,BRL 171.34,171.34,17134
910,"R$ 620,12",$620.12,BRL 620.12,620.12,62012
911,"R$ 148,63",$148.63,BRL 148.63,148.63,14863
912,"R$ 32,54",$32.54,BRL 32.54,32.54,3254
913,"R$ 110,79",$110.79,BRL 110.79,110.79,11079
914,"R$ 0,00",$0.00,BRL 0.00,0.00,0
915,"R$ 152,28",$152.28,BRL 152.28,152.28,15228
916,"R$ 410,97",$410.97,BRL 410.97,410.97,41097
917,"R$ 920,60",$920.60,BRL 920.60,920.60,92060
918,"R$ 736,10",$736.10,BRL 736.10,736.10,73610
919,"R$ 0,00",$0.00,BRL 0.00,0.00,0
920,"R$ 143.303,77","$143,303.77",BRL 143303.77,143303.77,14330376
921,"R$ 662,56",$662.56,BRL 662.56,662.56,66256
922,"R$ 314,44",$314.44,BRL 314.44,314.44,31444
923,"R$ 460.455,87","$460,455.87",BRL 460455.87,460455.87,46045587
924,"R$ 354,93",$354.93,BRL 354.93,354.93,35493
925,"R$ 721,20",$721.20,BRL 721.20,721.20,72120
926,"R$ 693,62",$693.62,BRL 693.62,693.62,69362
927,"R$ 193,07",$193.07,BRL 193.07,193.07,19307
928,"R$ 558,53",$558.53,BRL 558.53,558.53,55853
929,"R$ 972,94",$972.94,BRL 972.94,972.94,97294
930,"R$ 289,72",$289.72,BRL 289.72,289.72,28972
931,"R$ 705,28",$705.28,BRL 705.28,705.28,70528
932,"R$ 349,45",$349.45,BRL 349.45,349.45,34945
933,"R$ 795,61",$795.61,BRL 795.61,795.61,79561
934,"R$ 122,75",$122.75,BRL 122.75,122.75,12275
935,"R$ 380,31",$380.31,BRL 380.31,380.31,38031
936,"R$ 818,56",$818.56,BRL 818.56,818.56,81856
937,"R$ 804,81",$804.81,BRL 804.81,804.81,80481
938,"R$ 288,34",$288.34,BRL 288.34,288.34,28833
939,"R$ 347,02",$347.02,BRL 347.02,347.02,34702
940,"R$ 257,19",$257.19,BRL 257.19,257.19,25719
941,"R$ 202,87",$202.87,BRL 202.87,202.87,20287
942,"R$ 933,09",$933.09,BRL 933.09,933.09,93309
943,"R$ 138,14",$138.14,BRL 138.14,138.14,13813
944,"R$ 587,24",$587.24,BRL 587.24,587.24,58724
945,"R$ 670,16",$670.16,BRL 670.16,670.16,67016
946,"R$ 638,31",$638.31,BRL 638.31,638.31,63830
947,"R$ 0,00",$0.00,BRL 0.00,0.00,0
948,"R$ 717,64",$717.64,BRL 717.64,717.64,71764
949,"R$ 396.844,73","$396,844.73",BRL 396844.73,396844.73,39684473
950,"R$ 0,00",$0.00,BRL 0.00,0.00,0
951,"R$ 929,17",$929.17,BRL 929.17,929.17,92917
952,"R$ 935,10",$935.10,BRL 935.10,935.10,93510
953,"R$ 477,97",$477.97,BRL 477.97,477.97,47797
954,"R$ 483.761,32","$483,761.32",BRL 483761.32,483761.32,48376132
955,"R$ 646,25",$646.25,BRL 646.25,646.25,64625
956,"R$ 90,37",$90.37,BRL 90.37,90.37,9037
957,"R$ 535,62",$535.62,BRL 535.62,535.62,53562
958,"R$ 936,73",$936.73,BRL 936.73,936.73,93673
959,"R$ 175,89",$175.89,BRL 175.89,175.89,17589
960,"R$ 176,61",$176.61,BRL 176.61,176.61,17661
961,"R$ 997,17",$997.17,BRL 997.17,997.17,99717
962,"R$ 495,89",$495.89,BRL 495.89,495.89,49589
963,"R$ 962,17",$962.17,BRL 962.17,962.17,96217
964,"R$ 876,87",$876.87,BRL 876.87,876.87,87687
965,"R$ 0,00",$0.00,BRL 0.00,0.00,0
966,"R$ 108,19",$108.19,BRL 108.19,108.19,10819
967,"R$ 285,28",$285.28,BRL 285.28,285.28,28527
968,"R$ 543,76",$543.76,BRL 543.76,543.76,54376
969,"R$ 938,62",$938.62,BRL 938.62,938.62,93862
970,"R$ 468,55",$468.55,BRL 468.55,468.55,46855
971,"R$ 100.691,04","$100,691.04",BRL 100691.04,100691.04,10069104
972,"R$ 256.511,51","$256,511.51",BRL 256511.51,256511.51,25651151
973,"R$ 187,01",$187.01,BRL 187.01,187.01,18701
974,"R$ 790,98",$790.98,BRL 790.98,790.98,79098
975,"R$ 757,53",$757.53,BRL 757.53,757.53,75753
976,"R$ 435.265,93","$435,265.93",BRL 435265.93,435265.93,43526593
977,"R$ 827,16",$827.16,BRL 827.16,827.16,82716
978,"R$ 87,65",$87.65,BRL 87.65,87.65,8765
979,"R$ 185,60",$185.60,BRL 185.60,185.60,18560
980,"R$ 195.620,75","$195,620.75",BRL 195620.75,195620.75,19562075
981,"R$ 261,52",$261.52,BRL 261.52,261.52,26152
982,"R$ 754,00",$754.00,BRL 754.00,754.00,75400
983,"R$ 302,64",$302.64,BRL 302.64,302.64,30264
984,"R$ 12,42",$12.42,BRL 12.42,12.42,1242
985,"R$ 693,08",$693.08,BRL 693.08,693.08,69308
986,"R$ 0,00",$0.00,BRL 0.00,0.00,0
987,"R$ 188.062,85","$188,062.85",BRL 188062.85,188062.85,18806285
988,"R$ 503,02",$503.02,BRL 503.02,503.02,50302
989,"R$ 703,85",$703.85,BRL 703.85,703.85,70385
990,"R$ 118,30",$118.30,BRL 118.30,118.30,11830
991,"R$ 295,74",$295.74,BRL 295.74,295.74,29574
992,"R$ 219,91",$219.91,BRL 219.91,219.91,21991
993,"R$ 118.933,50","$118,933.50",BRL 118933.50,118933.50,11893350
994,"R$ 606,13",$606.13,BRL 606.13,606.13,60613
995,"R$ 549,69",$549.69,BRL 549.69,549.69,54969
996,"R$ 537,98",$537.98,BRL 537.98,537.98,53798
997,"R$ 219,19",$219.19,BRL 219.19,219.19,21919
998,"R$ 754,98",$754.98,BRL 754.98,754.98,75498
999,"R$ 82,79",$82.79,BRL 82.79,82.79,8279
1000,"R$ 704,06",$704.06,BRL 704.06,704.06,70406
