id,int_pequeno,int_medio,int_grande,decimal_2,decimal_quantizado,com_zeros_dominantes
1,58,787572,268469214295,2232.11,0.01,0
2,61,581858,649913461122,4219.22,0.0,0
3,23,539903,29355454532,5612.45,0.1,0
4,62,241148,647174432554,2781.91,0.0,0
5,28,366778,169697172873,2153.14,0.05,0
6,24,111414,930254740622,3439.56,0.04,0
7,20,572275,417278088865,788.0,0.04,0
8,58,913565,633913403120,1922.89,0.01,0
9,20,820620,937645574449,2327.91,0.01,0
10,42,676563,404014435550,1626.54,0.05,0
11,31,745911,752347210313,6480.35,0.09,0
12,58,774544,178145114059,4622.6,0.04,0
13,58,240283,360422681391,8428.52,0.0,0
14,32,854151,440441524732,2677.41,0.03,0
15,54,339963,719172762479,4992.31,0.1,0
16,47,156413,818103043320,5613.68,0.04,0
17,65,951435,441592919024,3619.96,0.02,0
18,50,802495,946095168405,1096.49,0.1,0
19,28,452666,72281034036,3847.67,0.09,0
20,47,590099,748373620112,7207.22,0.1,0
21,52,815934,377415064723,1115.52,0.06,0
22,28,767168,795035742189,2633.89,0.08,0
23,29,121579,691933616150,2984.45,0.1,0
24,50,170263,840124570476,1615.49,0.08,0
25,18,522340,121342736258,9290.99,0.04,0
26,33,930659,91532572167,7319.08,0.01,0
27,52,144628,523524651020,9468.49,0.02,0
28,34,646059,832244947195,7299.31,0.03,0
29,63,714314,411813098126,4381.0,0.08,0
30,46,245612,370642176604,210.34,0.08,0
31,32,17540,778693993558,6311.03,0.03,0
32,22,911393,79728590908,5141.56,0.04,0
33,60,575427,796137224815,9355.14,0.09,0
34,54,832733,887794666272,4070.6,0.01,0
35,24,381507,453790822417,4670.25,0.0,0
36,61,687568,65847210990,4026.21,0.05,0
37,24,209448,492929601508,1401.82,0.02,0
38,35,926964,86569774204,4431.31,0.08,0
39,24,576847,17475613040,9689.96,0.03,0
40,28,514740,951105810049,4010.4,0.0,0
41,28,419386,863361016774,4550.08,0.06,0
42,62,704022,536661484746,1547.97,0.04,73845
43,31,781476,67753220112,7479.76,0.0,76914
44,21,537276,941251608167,5311.26,0.0,0
45,50,204851,654129325865,679.61,0.03,0
46,43,943533,274029676920,5789.19,0.0,0
47,57,699305,621982144012,5227.83,0.04,0
48,31,339445,289787957213,3957.86,0.1,0
49,59,341535,829623824187,9357.34,0.0,0
50,47,600341,112652384077,732.61,0.03,0
51,50,988593,968866623129,687.91,0.03,0
52,41,469469,601581361458,7035.4,0.09,0
53,59,710305,610099824282,2993.79,0.1,0
54,24,287312,976453338540,1070.36,0.08,18601
55,27,644210,787883662637,3428.8,0.1,0
56,58,539959,277976135264,9053.36,0.0,0
57,23,879634,49432972787,35.46,0.02,0
58,58,787236,608488057801,7056.67,0.08,22178
59,18,936004,996105352041,1490.54,0.0,0
60,41,165287,140284873367,418.29,0.05,0
61,20,230281,274512393782,6669.33,0.05,0
62,53,436117,683787430916,7494.78,0.03,0
63,28,934231,28540594799,1793.61,0.05,24206
64,44,916036,893215278349,2481.67,0.02,0
65,62,924533,941764158730,4706.9,0.03,0
66,47,870394,962193689894,2275.95,0.0,0
67,60,354207,951384363434,694.21,0.04,0
68,40,429093,593034016653,3311.5,0.0,0
69,25,283903,637422102747,9625.34,0.04,0
70,20,465673,801348631876,7864.28,0.06,0
71,56,413906,636223535913,1900.79,0.0,16157
72,63,555175,889738578038,5384.52,0.1,0
73,30,83372,735219825197,9207.71,0.09,0
74,38,140679,991933799072,3003.22,0.04,0
75,60,431947,326117034534,5544.12,0.03,0
76,44,407562,824247811948,9028.06,0.09,0
77,54,584553,4580822352,3038.75,0.03,0
78,45,646130,355999257514,4649.88,0.07,0
79,61,506171,992251545653,9598.32,0.02,0
80,60,550490,699635932470,6192.61,0.01,0
81,33,245552,219212526070,1473.54,0.0,0
82,33,901014,81610047913,4554.16,0.1,81120
83,54,740180,543815054262,3996.53,0.02,0
84,59,946021,949118172984,7700.46,0.01,0
85,45,853170,769618611504,5179.58,0.0,0
86,53,899545,499737437558,1333.39,0.07,0
87,60,596075,351449799205,9500.4,0.07,0
88,57,945351,471319440963,8305.69,0.08,0
89,46,789779,524391135280,4500.7,0.03,0
90,58,825451,535814910355,6267.48,0.04,0
91,46,309607,298359885684,3358.48,0.08,0
92,23,252495,762854335443,1528.05,0.03,0
93,22,356954,514431605339,4157.74,0.03,0
94,44,817189,25462084974,8567.32,0.09,0
95,42,998536,328928307068,7534.75,0.06,0
96,52,582661,665860371203,8978.11,0.07,0
97,32,519232,426326422970,3361.3,0.1,0
98,43,891334,587788125561,269.66,0.06,0
99,55,38418,705735188129,4286.13,0.07,0
100,29,407519,234334202984,4546.99,0.05,0
101,42,882335,277688514097,8349.11,0.07,0
102,19,64615,247316204099,6501.44,0.1,0
103,20,269295,920979248949,203.8,0.02,0
104,33,711978,619966589553,9477.57,0.07,0
105,62,396814,667440579767,6072.47,0.01,0
106,28,616794,633700038683,6773.47,0.06,15168
107,43,89688,759457285044,8305.72,0.03,26995
108,24,326232,756271258456,6004.12,0.01,0
109,54,374069,471439558680,6615.21,0.01,0
110,50,23266,464210400205,8223.31,0.01,0
111,45,944884,507070444418,7073.09,0.06,84307
112,29,692054,676469860518,8081.99,0.08,0
113,48,875845,652679795363,2683.96,0.03,0
114,23,482700,826681106315,4647.08,0.09,0
115,60,40094,935130933479,3250.14,0.07,0
116,31,280902,307404422214,8803.2,0.04,0
117,53,210337,263360709927,7200.75,0.07,0
118,53,734156,711714408170,7118.42,0.07,0
119,19,242360,762946100998,2433.05,0.1,0
120,55,590358,381237414389,4255.04,0.08,0
121,39,485786,337171026274,2514.04,0.01,0
122,64,135362,592601169418,9508.78,0.02,0
123,30,517719,796756506622,5895.87,0.08,0
124,56,115409,215029509095,2962.46,0.05,0
125,29,752411,140733046225,2743.11,0.0,0
126,53,999949,701622035522,8684.61,0.07,0
127,24,611949,517617303633,4787.14,0.05,0
128,29,996776,528687082060,1140.87,0.01,34092
129,43,615050,755322725516,536.09,0.02,0
130,54,270247,611394101616,7644.43,0.09,12164
131,56,246650,575562228753,3803.78,0.07,0
132,37,459660,625081856069,6210.27,0.09,0
133,65,809787,689087209613,2110.25,0.1,0
134,23,192256,84975167271,1565.33,0.06,0
135,46,502738,36610687504,2314.76,0.04,0
136,62,84637,257355366221,9239.11,0.1,0
137,55,989022,465706095026,1147.76,0.03,0
138,59,288535,159169176459,714.1,0.02,0
139,37,874278,483275910205,1243.54,0.04,0
140,62,295470,595854998490,4937.95,0.01,0
141,56,463014,356342117469,6037.14,0.0,0
142,23,717053,949483220023,5751.99,0.0,0
143,61,614238,838691416447,7562.69,0.07,0
144,51,970571,199763169017,9969.45,0.06,0
145,58,105674,385270768628,4083.48,0.05,0
146,60,178637,453388062042,6936.74,0.04,0
147,60,48479,97442742929,3145.17,0.05,73102
148,25,916924,909448273528,9881.19,0.1,53976
149,52,66837,568741343954,3617.79,0.07,0
150,58,64118,293932052116,5492.2,0.04,0
151,46,518257,31586292150,9731.47,0.09,0
152,33,335845,16250737438,5522.51,0.01,0
153,32,493863,133916613814,6477.1,0.02,15871
154,49,543590,300382463310,4154.9,0.07,39254
155,48,588043,422528027521,1906.1,0.09,0
156,50,153139,77725411465,2762.47,0.06,0
157,39,290150,4524233168,2828.39,0.04,67550
158,55,701998,952290761670,1485.95,0.08,0
159,48,588727,601276967355,3772.1,0.05,0
160,30,609573,256047917740,8560.13,0.06,32300
161,20,505951,421096802415,3860.79,0.1,0
162,59,48817,551298037487,9653.54,0.05,65923
163,24,471694,576953876146,9104.42,0.0,0
164,64,923239,83267355023,4694.91,0.04,0
165,39,426791,89690373106,8517.65,0.1,0
166,52,342043,789671097127,8874.39,0.07,0
167,52,81744,693498065181,6844.0,0.04,0
168,32,465052,112576110945,7603.7,0.01,0
169,46,324012,34944947897,459.91,0.0,0
170,36,461607,267913189856,5311.66,0.09,0
171,61,188240,87651263082,6094.92,0.06,0
172,57,531841,644870697885,1431.18,0.07,0
173,58,277729,12453993673,8989.09,0.07,0
174,36,175649,486648538896,9452.36,0.09,0
175,37,454920,278842780911,4568.36,0.04,0
176,30,121834,418630618448,5719.23,0.09,64335
177,36,33005,915733306314,6582.3,0.04,39696
178,18,729112,820386609179,9736.03,0.09,0
179,65,958075,318410688547,7757.41,0.03,0
180,56,239642,209892683171,6208.91,0.1,0
181,64,723928,154924485873,6282.48,0.1,0
182,59,836918,37253059576,5795.74,0.02,0
183,23,352589,459476939238,1756.4,0.02,0
184,52,393629,553035807486,9134.87,0.02,0
185,34,515254,889918145940,2951.41,0.05,0
186,25,88957,830533234908,9665.0,0.1,0
187,64,426716,932867327856,8045.88,0.05,0
188,23,24594,590546360500,1235.89,0.05,0
189,61,284896,420122494202,8224.17,0.05,0
190,24,504379,679712312814,8842.35,0.08,0
191,38,242120,72501122551,6354.04,0.07,0
192,62,438129,151824974697,453.47,0.0,0
193,37,111913,976966034636,5375.47,0.06,16220
194,47,789238,462881609773,5873.4,0.02,0
195,44,884190,677411594991,4081.16,0.04,0
196,20,237823,488235620303,9505.55,0.05,0
197,24,580913,394611533984,605.5,0.04,49147
198,30,106126,235774804042,6417.04,0.09,60600
199,19,359709,864829265445,5645.78,0.01,0
200,53,236441,957974775666,2329.99,0.02,0
201,56,910104,164140158617,9875.27,0.08,0
202,34,125266,953026993357,257.8,0.0,0
203,40,259489,355716422315,157.81,0.04,0
204,21,451409,127813571724,7456.65,0.07,0
205,46,548169,119513893124,4520.05,0.03,0
206,57,831273,954090831169,6589.03,0.04,0
207,47,42663,930770147567,4016.17,0.1,0
208,24,963890,80214497029,8992.67,0.05,0
209,56,142321,685080984782,6330.77,0.08,0
210,63,636410,325401271462,4537.15,0.09,0
211,45,745869,937794275201,6547.13,0.08,0
212,64,460961,977896989767,2284.94,0.05,0
213,47,775054,345005774255,4267.64,0.1,0
214,34,170053,76051409106,912.25,0.01,0
215,23,790758,412194997777,8117.69,0.08,0
216,21,598866,364189664618,6700.13,0.06,0
217,40,996846,468078914303,8680.92,0.0,0
218,36,378727,632805153549,5074.13,0.02,0
219,60,898432,383716883762,8453.73,0.05,0
220,25,611987,886734608880,4291.12,0.08,0
221,57,683918,29160982844,6089.95,0.1,0
222,62,199179,770972833362,7624.1,0.05,0
223,40,922117,620090551088,6573.45,0.01,0
224,27,42146,821732849790,5304.83,0.06,0
225,44,175055,341891782309,7215.96,0.09,0
226,56,65164,173466902454,7544.36,0.0,0
227,61,474637,467699473017,4856.62,0.07,0
228,44,801615,127754562231,3451.73,0.01,0
229,36,631946,578615689420,6671.33,0.0,0
230,32,638437,5530254029,2044.23,0.03,0
231,26,313507,131258293666,77.3,0.06,0
232,29,568453,253130348254,5002.62,0.1,0
233,40,913625,47136716197,4362.2,0.07,0
234,22,613727,629908987186,4044.23,0.1,0
235,44,434707,187078462460,8013.22,0.09,0
236,47,974448,97043425993,4367.12,0.01,0
237,33,429902,89149747921,3957.67,0.04,0
238,65,359247,189029879499,763.79,0.1,0
239,25,213322,855294433114,3493.75,0.1,0
240,27,163557,216847739947,1734.99,0.02,0
241,59,820389,544862898741,4639.53,0.09,0
242,55,979045,623263658623,6429.92,0.09,0
243,38,667685,165566563474,4397.63,0.07,0
244,46,845012,650719776103,561.72,0.08,0
245,22,483866,61291064054,3687.38,0.04,0
246,22,906840,675697686009,5940.8,0.06,0
247,47,840281,987721152489,410.23,0.09,0
248,59,644394,552798624996,1508.61,0.0,0
249,46,952802,378258662365,9823.86,0.01,0
250,50,51043,779453131767,4377.58,0.07,0
251,51,176457,410584822948,9179.37,0.06,0
252,44,721875,59402475099,7892.27,0.1,0
253,39,109096,746425775966,3865.64,0.04,0
254,64,960369,961366287282,1503.73,0.01,0
255,55,971278,341804885228,9676.97,0.1,0
256,43,753266,95223002002,3095.82,0.06,0
257,59,862686,735988277637,7028.31,0.1,0
258,51,713024,561164264981,3618.28,0.05,0
259,37,234597,536866560574,1920.05,0.02,0
260,27,895447,111759132777,5076.9,0.08,0
261,65,49581,373210151899,8763.93,0.09,0
262,26,171745,199265342080,8313.45,0.09,0
263,28,55814,402196582838,6763.63,0.03,0
264,46,798939,863208399042,4489.28,0.08,0
265,33,857903,519764920062,9039.74,0.03,0
266,41,608128,486264473864,4616.8,0.04,0
267,42,448997,181243749279,8168.91,0.09,0
268,26,64714,532034820387,8741.17,0.08,0
269,24,550970,137799716531,2850.63,0.02,0
270,35,548289,912165924399,4374.73,0.03,0
271,46,985670,456381080979,532.57,0.08,0
272,41,95569,247423373551,281.88,0.01,0
273,63,839822,151951132355,383.03,0.07,0
274,62,805702,519426330316,4486.01,0.0,0
275,23,236130,167794896461,5488.04,0.09,0
276,51,823875,259935424617,3011.51,0.0,0
277,33,842463,506186124648,628.07,0.07,0
278,56,672652,634573714419,2419.38,0.02,0
279,36,654674,264508338406,5706.64,0.02,0
280,60,558913,400323100384,676.79,0.08,0
281,52,542280,24854901017,3904.54,0.07,0
282,20,401435,822428173109,162.42,0.01,0
283,40,699023,115367492808,7715.01,0.05,0
284,26,582536,895807246970,6427.96,0.1,0
285,47,672423,890841108290,1348.53,0.07,63722
286,20,55934,223441120293,8857.9,0.05,0
287,37,865015,523023341897,2533.14,0.1,0
288,30,914017,55893296571,8657.98,0.05,0
289,35,395896,977834268077,4000.22,0.07,0
290,42,205892,763340388025,4975.23,0.08,0
291,35,772400,88722558092,4306.07,0.02,0
292,52,117581,357826178928,6609.19,0.04,0
293,46,456815,757629977923,4439.08,0.07,0
294,20,965889,676824096179,9981.51,0.04,0
295,58,88686,703962382098,4062.1,0.08,8518
296,65,42653,933621136364,6075.73,0.07,0
297,20,257459,713013301904,3663.28,0.06,0
298,54,170891,497837788361,9488.24,0.05,0
299,46,611800,581411980930,3669.5,0.05,0
300,59,128959,808565148591,1860.48,0.08,0
301,42,133481,852527846849,2602.9,0.07,0
302,31,737691,222153020865,1226.37,0.01,38431
303,46,758022,890435288623,6819.29,0.05,0
304,60,78093,596067706602,2903.62,0.04,0
305,28,982370,704087088056,1740.91,0.05,0
306,50,220743,154725751531,2367.36,0.07,0
307,19,610076,513685569631,8036.62,0.08,0
308,26,100403,340584802361,3981.6,0.07,0
309,51,439322,635896408292,737.51,0.05,0
310,59,498461,570856728937,3445.15,0.08,0
311,58,815077,146883995708,4326.18,0.0,0
312,25,328897,177800855920,3226.61,0.03,0
313,40,948397,929932914133,788.6,0.03,69012
314,58,141250,334396932384,6144.28,0.01,36972
315,50,630556,640699331016,1541.94,0.1,0
316,57,644534,925868033726,9239.3,0.0,0
317,19,682612,635671708380,2646.56,0.03,0
318,54,680030,546590923542,8889.97,0.08,0
319,36,326768,269362204552,8046.88,0.1,0
320,43,86517,68382082209,1580.8,0.06,0
321,48,366717,158224408651,3125.82,0.05,0
322,64,428084,834785291760,3705.4,0.08,46268
323,24,499131,293584003727,4495.96,0.02,0
324,24,412810,679021420947,4181.35,0.02,0
325,38,337905,839333953970,1593.42,0.08,95519
326,47,333528,24611025550,900.49,0.06,0
327,50,262422,641874165350,3528.95,0.0,0
328,36,935199,721879550108,6725.21,0.04,0
329,52,122718,148879708749,8824.56,0.05,0
330,43,430040,623989978517,5618.17,0.05,0
331,53,415116,497087000060,7644.04,0.04,0
332,57,134582,430911973419,3731.98,0.05,0
333,53,161275,663279910672,5091.23,0.08,99954
334,20,153693,369137073803,8039.66,0.08,0
335,47,946516,153537935638,3279.66,0.09,0
336,38,656447,927593321117,2992.34,0.05,0
337,50,568198,780492955934,5629.24,0.07,0
338,19,716537,642739153942,3076.78,0.1,0
339,19,288428,722413075429,7829.04,0.09,0
340,54,63849,527492223507,1705.12,0.1,0
341,64,892027,161546695013,8216.61,0.03,0
342,20,744549,207630427882,189.37,0.05,0
343,44,734042,452847274182,5018.2,0.09,0
344,48,781581,68548677667,7057.75,0.08,0
345,31,704395,578580205397,3768.25,0.02,0
346,47,368955,389893282253,6758.69,0.1,0
347,59,287203,531901236375,1922.64,0.03,0
348,35,245790,331636290339,7711.74,0.03,0
349,62,342441,385312829345,5604.88,0.04,0
350,36,719489,419944814769,8957.6,0.06,0
351,40,314561,314713286789,9553.14,0.01,20198
352,40,278900,528195804514,2139.87,0.08,86979
353,35,294815,117553699857,6156.77,0.09,92248
354,33,712371,584708321452,2256.72,0.03,0
355,21,356337,519477104921,1005.45,0.02,0
356,18,436673,966855026307,4757.0,0.1,21701
357,30,311198,315912017394,6458.98,0.01,0
358,59,571147,798741584203,8503.33,0.0,0
359,29,888292,43604507117,9971.72,0.06,0
360,49,795386,962910029820,9260.4,0.0,0
361,18,642063,370294146760,2845.62,0.1,0
362,52,942456,151059974723,8510.6,0.07,0
363,35,128118,178513936539,7311.19,0.1,0
364,34,24768,373530937217,7907.68,0.09,0
365,61,194019,944221867411,6387.26,0.06,0
366,45,100951,737160973311,953.85,0.02,0
367,48,270096,284497176691,3835.74,0.07,0
368,35,620754,631169982027,114.36,0.1,40576
369,41,75142,132717138423,4653.95,0.02,0
370,43,977946,979802080299,7035.57,0.04,0
371,62,970632,327162546437,3675.44,0.03,0
372,32,170626,823292872033,9888.38,0.05,63676
373,44,967136,831950879320,5375.18,0.1,0
374,31,723390,657076610661,8731.35,0.01,0
375,51,747952,84158232800,9172.45,0.01,0
376,21,956746,222214382495,5727.02,0.02,0
377,28,555617,127451742323,6802.95,0.09,0
378,49,545167,891971563851,556.36,0.02,0
379,50,601303,615428300898,4623.78,0.04,0
380,64,276817,4506639908,7458.04,0.09,0
381,22,371264,72727606899,5411.64,0.0,0
382,22,43276,448909643985,1799.81,0.02,62875
383,59,450781,421440076410,4485.37,0.06,85656
384,42,703939,597461666464,1329.9,0.05,0
385,25,573356,582508758920,1273.47,0.03,0
386,18,322856,741722961506,7190.94,0.06,0
387,52,250820,504574229747,3461.6,0.04,0
388,30,812674,35844402424,8094.78,0.06,96030
389,57,936685,21998272699,2406.66,0.01,0
390,24,478127,742301841479,7032.86,0.0,0
391,33,431805,256288401397,5397.6,0.0,0
392,26,313314,895358913631,9163.97,0.09,0
393,38,820065,901536667388,3206.65,0.04,0
394,27,241780,329193742057,2751.54,0.08,69321
395,55,965858,688946958681,6787.5,0.08,0
396,49,371145,709418719388,6713.43,0.08,0
397,38,438090,328058399256,3764.6,0.08,0
398,48,246290,942889490881,7075.77,0.07,0
399,21,446740,583214113345,1340.93,0.03,0
400,34,688120,930644755619,3710.77,0.08,0
401,64,64040,414469894146,6736.72,0.09,0
402,20,207303,837679603505,5875.84,0.1,0
403,53,229036,333142552613,9570.2,0.0,0
404,31,133014,528225835972,9144.41,0.09,98186
405,63,969579,607618307372,3216.15,0.04,0
406,42,690233,337550457148,2615.62,0.08,0
407,49,851814,795488713134,4694.9,0.05,0
408,31,444037,619671636967,8640.85,0.02,0
409,19,990165,639163557720,7200.12,0.04,0
410,27,251192,625401657321,8333.63,0.07,0
411,53,728113,281622701799,7633.61,0.07,0
412,64,524426,187662839208,7327.72,0.05,0
413,28,583095,204960765549,9168.99,0.08,0
414,59,45466,932316707669,743.3,0.1,69674
415,21,442424,925008490254,6307.02,0.01,0
416,63,239344,501388312673,3732.01,0.09,0
417,58,656467,533201215051,6592.84,0.0,0
418,18,441319,18230768734,5294.18,0.04,0
419,52,536611,768996662339,6740.33,0.02,3246
420,24,559857,263632514901,1919.32,0.08,0
421,34,290310,438205922440,790.19,0.06,0
422,47,741105,328387564031,6840.42,0.01,0
423,59,806483,99920331732,4052.78,0.06,86182
424,53,677678,769839734147,1713.84,0.07,0
425,45,357362,984957086743,5281.59,0.0,0
426,32,920286,978930929270,5667.84,0.04,0
427,20,980546,990046670984,5430.31,0.1,90709
428,20,901737,19530570661,9614.69,0.09,0
429,27,757332,438317445811,9288.75,0.04,0
430,28,604223,936592700078,3891.57,0.08,0
431,39,785679,869184477004,9884.78,0.01,0
432,50,372659,108604806831,4370.88,0.01,0
433,39,653684,657936114566,3967.03,0.05,0
434,19,831609,499184362921,4906.03,0.05,0
435,53,204760,643869394302,6606.72,0.01,57603
436,57,268421,81372189178,820.38,0.02,0
437,42,674693,813411433130,3896.22,0.05,0
438,24,998765,487655303096,3599.17,0.04,0
439,24,206494,492477314669,5569.85,0.08,0
440,44,103972,608110439018,930.64,0.09,0
441,38,22940,453225040924,3878.0,0.01,0
442,64,959178,629107796415,5211.05,0.1,0
443,42,291981,294351125065,4931.24,0.01,0
444,28,451557,530568403524,7826.67,0.05,0
445,34,665395,655964484237,6166.69,0.07,95489
446,24,17096,438866862632,3322.17,0.09,0
447,42,355549,367962963204,4306.16,0.1,0
448,56,346241,223029589779,4790.1,0.02,0
449,43,780571,699769522845,4910.07,0.09,39200
450,33,303916,867795243734,3929.35,0.01,0
451,54,582133,749097090995,7676.18,0.0,0
452,64,752776,482936770150,7976.86,0.01,0
453,44,155939,334432639382,2420.21,0.1,0
454,27,837406,79928574575,4490.67,0.09,0
455,48,570324,958435794036,6917.09,0.08,0
456,20,386993,987561007090,8122.97,0.09,0
457,58,124682,274885572142,6576.02,0.05,0
458,28,56448,746799730128,6467.44,0.05,0
459,45,113396,242629441437,5106.76,0.08,0
460,53,613178,491575595833,3741.2,0.07,0
461,61,534776,379604566605,9977.03,0.07,0
462,24,975264,95324902957,1160.69,0.02,0
463,40,487450,227706713386,5211.15,0.05,0
464,48,767065,497913814495,3189.09,0.04,0
465,20,130675,933104905547,3430.78,0.01,0
466,61,985094,816974639288,2439.13,0.02,0
467,53,597044,256387577956,7977.56,0.1,0
468,29,699237,436647700243,291.92,0.09,0
469,30,460418,6965004278,7047.36,0.03,0
470,35,858014,73138305306,5773.48,0.08,0
471,29,216647,127519215686,2623.53,0.07,0
472,51,635969,672684091094,3925.44,0.01,42078
473,40,490101,192630113537,8137.38,0.04,0
474,57,714758,345172684966,1178.62,0.04,0
475,25,737120,559952878810,3884.63,0.09,0
476,26,453588,534373750765,6355.02,0.1,0
477,29,523426,152564391293,1870.99,0.07,0
478,57,386479,13678064653,4846.09,0.03,0
479,42,694793,449802478110,6846.97,0.06,67248
480,63,522438,91912661480,5653.98,0.03,0
481,36,245765,316841624043,1682.09,0.07,0
482,54,813124,604422776052,5108.06,0.09,0
483,25,579488,595281146167,8226.11,0.0,0
484,64,239157,469107522363,1024.16,0.1,0
485,33,43796,290694394546,3485.77,0.01,0
486,46,133088,893389542821,2369.46,0.09,0
487,62,755279,695110789131,4281.67,0.09,0
488,26,863047,886652075190,593.58,0.05,0
489,52,574939,353910493548,9790.0,0.04,0
490,36,909695,747895479712,8151.81,0.02,0
491,44,300794,721983479468,1268.88,0.02,0
492,33,347742,275141241904,7614.74,0.1,0
493,43,615474,295773921954,6278.13,0.06,0
494,46,843197,846593698451,930.95,0.08,0
495,65,991819,408494975195,4546.96,0.07,0
496,38,921115,932037821674,7327.24,0.07,0
497,58,385623,73370655239,7956.78,0.06,0
498,31,528746,354340675206,8283.44,0.05,28767
499,53,603643,537237071797,7883.04,0.1,0
500,21,666596,923489782223,4595.82,0.01,0
501,28,10708,221880716109,9956.94,0.02,0
502,59,926899,967078700080,2740.19,0.1,0
503,41,399906,995991488966,6489.11,0.0,0
504,43,771253,832932765928,2341.44,0.1,0
505,23,11139,525902647083,779.39,0.09,0
506,32,476686,9629821731,6955.97,0.01,0
507,45,510905,250412308447,3830.7,0.01,0
508,24,933783,152609147228,3827.21,0.02,0
509,59,81734,621753806333,84.75,0.1,19724
510,28,767524,689109833536,7482.69,0.06,0
511,57,911736,96422339321,8965.93,0.02,0
512,25,412686,346441594301,7910.77,0.03,0
513,35,270221,660506816723,6000.08,0.09,0
514,36,734016,933123113162,8470.7,0.04,0
515,31,544273,822148984176,3917.51,0.1,0
516,21,842336,267093287969,4948.88,0.01,0
517,33,632780,581125579198,8887.25,0.0,0
518,41,415629,923820169336,5683.8,0.05,18299
519,52,809776,851349263131,729.92,0.09,0
520,22,236222,438181671620,5066.11,0.1,0
521,63,445612,771618387758,4022.77,0.1,0
522,52,170097,92386028091,3099.07,0.08,0
523,31,572445,431900111440,5864.37,0.1,21365
524,61,335236,480742159924,7299.58,0.03,0
525,21,979542,127420144405,4533.72,0.09,0
526,21,787722,815575132293,1756.46,0.0,0
527,63,21901,547164502396,9530.16,0.08,0
528,51,765777,182502083673,3718.69,0.04,0
529,64,818903,34929801095,3350.11,0.06,0
530,35,285722,690671467426,770.7,0.07,0
531,50,533879,627461180080,1668.81,0.02,0
532,34,947708,742199309488,7227.78,0.03,0
533,65,56177,949580846316,122.88,0.0,0
534,48,974927,194918137066,9311.6,0.0,0
535,53,758705,721440673939,4193.69,0.05,0
536,33,765276,298726854372,8259.97,0.09,0
537,41,716033,60708382002,1793.44,0.08,0
538,20,929591,952185336678,2823.07,0.04,10034
539,38,488933,404761153175,2006.71,0.09,0
540,37,264367,406719475778,5916.91,0.07,0
541,30,583108,876144607348,2451.27,0.0,0
542,44,577851,698272580412,8395.74,0.0,0
543,39,699233,934623991323,7380.83,0.04,0
544,24,259736,539674007297,9611.85,0.02,0
545,63,56032,258359913905,8972.87,0.08,0
546,44,400586,94406516695,5807.71,0.08,0
547,26,423507,649861456166,5678.21,0.06,0
548,60,315844,934128850773,3150.09,0.06,32034
549,62,352099,496287286538,2719.56,0.01,0
550,30,817557,119475418892,1554.11,0.02,0
551,46,436259,589929079884,3582.87,0.03,0
552,46,287880,133510401994,904.21,0.1,0
553,37,740729,46540837436,2150.21,0.05,0
554,27,270276,396001270301,3962.44,0.0,0
555,61,869926,194233484720,310.82,0.06,0
556,46,586843,105152323998,4620.43,0.02,0
557,25,880708,143688641049,1981.33,0.06,0
558,41,993118,93963214300,5823.24,0.04,0
559,22,77603,993986776599,6459.87,0.02,0
560,23,879642,365251396965,1225.28,0.07,0
561,21,611761,904803524615,7244.31,0.07,0
562,19,457389,388289257954,2147.16,0.02,0
563,35,936336,35998105415,6141.07,0.09,0
564,33,533125,969137134625,5506.89,0.0,0
565,23,153902,221843931964,6426.53,0.08,0
566,33,851134,875213348746,195.3,0.06,0
567,63,580968,536932182933,3440.34,0.09,0
568,50,293572,27542107073,3188.78,0.03,0
569,19,826356,62336138765,8086.54,0.07,0
570,51,622356,258696344468,9739.8,0.01,0
571,33,289473,896645376775,7912.37,0.0,0
572,32,846124,389215318672,9352.06,0.02,0
573,29,343451,811916498202,6976.27,0.09,0
574,19,378765,627839991685,5636.06,0.09,0
575,30,859767,595819584541,3090.53,0.07,0
576,20,253923,244102290581,199.28,0.07,0
577,18,653966,886628545900,1304.9,0.02,0
578,38,164887,776613580509,9172.24,0.01,0
579,51,86054,775698673457,9419.23,0.06,0
580,55,326423,148414458291,9758.61,0.06,0
581,58,342695,779137275338,9687.43,0.09,86089
582,40,627558,193476615352,3783.84,0.04,0
583,26,11885,773874159856,9486.98,0.06,0
584,54,641650,244144030638,6396.47,0.01,0
585,49,791549,259032214729,3468.1,0.05,0
586,28,103035,781918091152,6700.25,0.05,0
587,46,229869,762280981235,677.95,0.04,0
588,24,60486,483693924356,7325.84,0.02,0
589,44,407108,599508980534,3753.48,0.07,0
590,54,730539,178062529592,4512.87,0.0,0
591,36,283812,116756507424,742.0,0.02,0
592,42,88645,370767069027,5940.31,0.09,0
593,48,462275,722307297093,1649.97,0.06,0
594,28,357177,448492574952,6971.97,0.08,0
595,34,321847,105099477227,496.35,0.09,0
596,53,171050,396371087800,38.16,0.01,0
597,36,665455,527563916187,1996.75,0.0,0
598,31,315986,91095776771,4735.71,0.01,0
599,37,503821,986648165580,6610.4,0.01,0
600,59,203862,973256129902,3814.45,0.02,0
601,46,471101,290760217563,2262.42,0.04,0
602,54,798775,734135760278,967.03,0.1,0
603,40,444096,834097836664,5897.26,0.08,0
604,21,868160,462805974462,9656.28,0.1,0
605,48,257088,329463045436,789.55,0.0,0
606,50,551922,631503133233,6775.35,0.09,0
607,27,803969,191907172011,9490.61,0.02,0
608,31,142315,465039759559,783.69,0.1,0
609,45,872520,162607706036,8341.08,0.04,0
610,38,968580,77481958693,870.27,0.08,0
611,43,908235,573416923870,4581.57,0.0,0
612,62,557945,463918815025,1125.19,0.02,0
613,27,620981,112409948354,9249.28,0.09,0
614,24,919613,969668169859,3438.69,0.06,0
615,34,519172,669176751968,4730.47,0.02,0
616,35,658276,750938463943,6936.61,0.0,0
617,43,357596,261663771768,492.91,0.07,0
618,35,31215,900099288622,7936.52,0.04,0
619,35,909924,755609359348,982.17,0.03,0
620,26,789850,853306670198,8258.23,0.04,0
621,64,686913,207541914331,4417.17,0.06,0
622,65,551590,412746441386,8210.17,0.08,0
623,28,754037,445558300629,1356.5,0.08,0
624,54,212127,919586905908,2007.27,0.0,0
625,33,63015,400079904668,7046.34,0.04,0
626,41,539663,698489556056,9230.74,0.1,0
627,19,522530,493177669537,1775.84,0.07,0
628,55,370971,920825286974,8944.92,0.01,0
629,36,62062,938002552497,5722.58,0.03,0
630,32,720614,293945678948,6515.87,0.08,0
631,19,814858,12519960129,4740.97,0.02,0
632,59,849767,245849487322,2523.9,0.04,0
633,63,298755,986367747116,3764.75,0.05,85245
634,47,499368,745327045483,5206.38,0.09,0
635,43,17704,923744878310,3742.3,0.1,0
636,56,322974,119903649035,4817.38,0.05,0
637,35,913339,285657053248,6561.2,0.1,0
638,37,552421,266280692534,8996.87,0.09,0
639,43,723824,791874975117,254.55,0.07,0
640,36,448897,427939501321,7367.32,0.09,0
641,63,369836,785804555817,2223.63,0.08,25892
642,58,960561,739479545715,3584.97,0.04,0
643,28,929071,200966152730,2937.84,0.07,0
644,26,770413,618652133800,7629.18,0.02,0
645,61,696224,241901708398,3552.83,0.04,0
646,44,357411,286064205414,5855.71,0.07,0
647,25,918479,643674840367,5803.13,0.09,0
648,22,213993,131998552841,8674.98,0.06,0
649,51,66688,941043139114,1507.78,0.03,0
650,39,607062,507748799930,1432.24,0.02,0
651,23,671685,198511116465,3134.14,0.0,0
652,18,229553,854672824861,1686.06,0.02,0
653,49,827629,143112055480,6144.8,0.1,0
654,45,510590,6941298800,377.25,0.03,0
655,64,24760,357018456552,7568.48,0.08,0
656,30,14324,806850484197,2488.23,0.05,0
657,37,412181,647406908106,3061.15,0.01,0
658,20,314955,801822105632,5202.88,0.08,0
659,39,730141,151304409534,3427.33,0.07,0
660,40,182892,894001892476,4033.92,0.03,0
661,32,147579,805065939484,219.13,0.08,0
662,28,755652,871377443455,373.63,0.1,0
663,34,663404,654043708395,9946.8,0.1,0
664,24,30700,757121412088,1157.9,0.07,0
665,42,275015,771836662720,1531.27,0.1,0
666,58,451315,111216010134,6624.83,0.04,0
667,57,153826,913331909642,8986.22,0.08,0
668,64,306439,860483139370,1062.64,0.03,0
669,56,285769,575801910614,9731.2,0.05,0
670,63,178163,602464667672,4963.55,0.03,0
671,62,255896,13896661519,6716.33,0.01,44332
672,54,166389,103862087422,7795.26,0.01,0
673,64,958729,706473684745,2311.6,0.04,0
674,34,114657,193471135737,8741.4,0.04,0
675,41,337897,814578454423,1159.01,0.0,0
676,18,705578,188463290679,3286.61,0.07,0
677,57,778677,409421115997,8149.64,0.02,0
678,25,488715,916995548277,3857.15,0.07,0
679,44,845620,121975393474,1325.12,0.0,0
680,28,965490,531818230647,8022.65,0.1,0
681,46,408197,395188509102,6113.58,0.1,0
682,64,516545,537529023947,1129.37,0.06,18125
683,46,284320,347410473740,123.6,0.1,0
684,51,614660,622583874310,2239.85,0.1,0
685,39,731673,682613801742,952.42,0.1,0
686,64,372544,746879957720,6414.04,0.02,0
687,53,652686,9824294281,6433.99,0.02,0
688,50,903251,956612334507,1654.04,0.07,0
689,38,301668,555267035848,2227.07,0.1,0
690,42,256415,503849748464,4441.89,0.09,0
691,46,532669,346517526651,1187.07,0.07,0
692,65,117629,453704326218,358.32,0.08,0
693,18,840244,703738538133,3045.98,0.08,0
694,53,714091,401895916162,8253.11,0.03,0
695,47,814694,660791836498,4731.34,0.1,0
696,41,129562,834642144228,6589.1,0.0,0
697,39,674441,881315539516,2919.84,0.08,0
698,41,58001,185240684348,4924.22,0.06,0
699,24,215438,130654511665,9302.16,0.06,0
700,31,829378,787797544735,3379.34,0.06,0
701,20,627413,847637779697,8917.54,0.07,89098
702,60,538689,7437420005,5303.64,0.0,0
703,53,516390,563315891156,7810.81,0.02,77692
704,62,775979,141940400466,1035.54,0.1,0
705,56,347477,969532778071,3846.63,0.09,0
706,62,296886,496184704771,8047.97,0.02,0
707,44,939496,566855184692,2989.13,0.08,0
708,38,990955,694867349362,2173.43,0.03,0
709,57,729964,145621743889,9813.35,0.1,0
710,29,738038,355922686040,7103.53,0.05,0
711,53,608357,735193192808,7101.24,0.1,0
712,65,569837,964300725614,8473.01,0.0,0
713,51,409371,57458748348,6702.54,0.03,0
714,35,178752,318756852094,6833.9,0.02,0
715,21,319477,826509898025,5411.72,0.05,0
716,46,920201,815650181060,5618.85,0.03,0
717,65,417777,560366213273,7843.07,0.04,0
718,62,981489,427840647228,4165.66,0.1,0
719,38,23595,279071945128,2030.87,0.07,8051
720,32,748857,712717078363,3677.41,0.09,0
721,52,216012,798902474644,9642.9,0.04,0
722,46,725819,203183304805,9624.75,0.08,0
723,25,459323,612084133994,2642.4,0.02,0
724,55,15919,513520864588,7096.89,0.02,0
725,20,348302,59398156373,7736.61,0.1,0
726,57,325783,870690294032,5726.77,0.05,0
727,22,343299,243774723210,9569.88,0.08,0
728,22,177112,599786865217,5370.36,0.01,0
729,40,233717,364626252764,3310.67,0.04,0
730,31,566268,905354046260,7521.34,0.1,82039
731,18,372814,264907131299,9044.96,0.09,0
732,57,51814,974594144668,3209.37,0.01,0
733,42,769143,27984545072,9113.36,0.05,0
734,50,477200,50335450563,2964.34,0.1,0
735,30,96345,108151753887,1673.95,0.08,0
736,52,78652,736344707156,6295.14,0.03,0
737,61,118975,590293477076,8287.49,0.06,0
738,59,85623,755827148455,1537.55,0.07,0
739,63,101772,57149172748,1779.92,0.04,0
740,53,871530,448787483327,3880.33,0.1,0
741,43,27711,741407272692,1183.06,0.0,0
742,59,76309,820290612257,5856.08,0.01,0
743,40,313915,755998951761,3013.51,0.01,14911
744,36,468936,436429855743,8221.22,0.0,0
745,48,240545,821924507431,3909.93,0.08,0
746,36,322534,978866510484,9141.69,0.1,19884
747,41,590412,614642451391,1413.74,0.0,2461
748,18,423224,604602471928,9469.79,0.04,0
749,31,957437,382074999209,2117.37,0.1,0
750,50,202930,676258142590,8347.48,0.03,0
751,25,848504,939739373876,543.88,0.08,0
752,47,86697,736687751324,673.63,0.01,0
753,30,520856,365864085662,3571.38,0.1,0
754,59,308987,76675244061,9001.19,0.05,0
755,49,656281,338839646089,6934.58,0.02,0
756,54,856934,187523159981,48.32,0.03,0
757,32,681967,303520849328,8401.1,0.02,0
758,61,930530,509867527527,4453.58,0.04,0
759,49,194308,669492553913,819.74,0.04,0
760,26,215973,805289468572,8863.36,0.01,0
761,64,29535,558699730748,6316.26,0.09,0
762,55,628697,998346212836,366.56,0.04,0
763,52,575892,720287209443,7751.97,0.05,0
764,43,819652,806691200309,8571.64,0.02,0
765,47,104952,402136137817,5021.67,0.1,0
766,33,855718,679526892854,6841.62,0.08,0
767,26,197847,724984652044,8721.95,0.02,0
768,65,994796,45490688085,2188.19,0.07,0
769,32,397380,44954775519,6685.86,0.08,0
770,41,972489,969320320350,464.37,0.1,0
771,38,556699,914254216209,2734.95,0.04,0
772,55,192294,719877278965,3785.19,0.09,0
773,59,91618,278096957188,3763.29,0.03,0
774,51,866934,382683948607,4868.62,0.07,0
775,56,934879,482633201477,1656.06,0.01,0
776,50,231791,203508740554,1573.57,0.09,0
777,63,703223,457255863329,8111.73,0.01,0
778,48,512290,650445028286,1612.46,0.06,0
779,19,144097,652003167513,1611.29,0.1,0
780,50,610067,61760322947,1663.41,0.02,0
781,51,600982,20918437885,8785.09,0.1,79558
782,36,481023,956507445085,4816.68,0.03,29389
783,44,843215,905445578250,7674.9,0.09,0
784,60,185868,755729635407,3426.71,0.07,0
785,56,250977,423531200410,1322.13,0.0,0
786,30,963511,754785484463,4197.95,0.02,0
787,56,508985,679182243288,5998.14,0.08,0
788,50,107716,724625714752,1303.29,0.09,0
789,52,950540,855431065071,6785.59,0.06,0
790,51,927319,765690744696,5298.17,0.03,0
791,48,409755,646750556928,8046.21,0.09,0
792,24,276881,844862896001,2325.13,0.01,0
793,36,580143,281927998469,1890.21,0.0,0
794,54,555009,413347758641,6545.46,0.05,0
795,44,172297,715794534661,5853.7,0.04,0
796,52,393405,304275718221,9917.99,0.06,0
797,31,831861,531675690878,1787.2,0.08,0
798,53,331549,381438114869,7741.94,0.06,0
799,65,915791,132680617183,7478.14,0.07,0
800,62,234875,441269983103,7860.81,0.08,14143
801,57,751122,177317224218,3891.04,0.1,0
802,18,873245,517020256389,9258.62,0.06,0
803,23,242542,88492070686,6090.29,0.06,0
804,43,556313,783914423862,9635.3,0.0,0
805,29,470295,220089332926,8505.68,0.08,0
806,36,832041,561920645414,5158.14,0.03,0
807,57,47812,264538076597,6550.19,0.02,0
808,23,380281,437667873501,4054.51,0.03,53354
809,51,747801,602682680835,2844.94,0.08,0
810,55,865129,247000728032,6063.63,0.03,0
811,47,14877,191100009234,4071.35,0.01,76354
812,53,318545,881970845502,5132.87,0.04,0
813,52,612819,762283560910,4427.69,0.06,0
814,54,265090,373620510458,9612.39,0.07,0
815,61,625332,34767132866,4819.7,0.04,0
816,22,836965,245788216618,6769.13,0.03,0
817,38,380248,591628888281,97.23,0.04,0
818,33,428309,824232264034,8210.75,0.01,0
819,53,339119,238741635114,8943.16,0.04,63463
820,29,985443,211066538900,4989.99,0.03,90536
821,33,925136,225478206808,2292.08,0.03,0
822,57,826776,130307245919,9201.88,0.1,0
823,60,16945,944880241719,5414.74,0.0,0
824,48,340738,986662096578,9853.61,0.09,0
825,35,811387,563279967869,2802.67,0.03,0
826,54,561273,468289306140,4783.2,0.08,0
827,20,422842,756314667221,7759.04,0.07,0
828,25,492418,758269955967,84.19,0.1,0
829,31,115641,397534729069,6127.78,0.04,0
830,29,258658,517553175066,9585.27,0.05,0
831,41,454536,461465730784,7007.13,0.05,0
832,41,303212,200504361911,5714.1,0.09,0
833,61,114721,300448622255,8040.88,0.08,0
834,45,215587,877799722452,9591.48,0.02,0
835,48,195186,548271264086,1344.72,0.1,0
836,51,341064,536948923988,3000.34,0.08,0
837,54,113782,180059519490,600.36,0.04,0
838,48,110979,818975897966,3346.57,0.05,0
839,41,987109,283651865983,3441.4,0.06,0
840,25,722597,670856484993,1989.58,0.09,0
841,59,193017,859904867471,2846.09,0.05,0
842,61,822378,493789627535,8896.32,0.06,0
843,57,672398,164022331771,8682.58,0.1,0
844,39,652053,445836796167,8489.01,0.01,0
845,23,249303,350238746179,6530.13,0.04,0
846,56,294424,490143911724,7809.74,0.05,0
847,65,482161,183166695910,1838.86,0.0,0
848,26,704180,772994066247,7497.4,0.03,0
849,28,110195,524464991820,5484.34,0.0,0
850,43,97295,289209177922,6181.02,0.01,0
851,59,334398,272568015998,7375.93,0.07,52097
852,58,562329,189285000168,285.71,0.1,0
853,40,350998,524402930260,4671.93,0.08,0
854,35,151678,596701754290,1770.37,0.09,0
855,47,676738,623243238430,4349.77,0.1,0
856,58,963075,530772053903,5396.68,0.01,0
857,46,442227,169619587300,3035.73,0.0,0
858,51,899136,379542528040,2867.62,0.08,0
859,18,525827,833995839679,4770.67,0.0,0
860,45,636003,873871423639,72.18,0.05,0
861,30,597783,436669054449,2498.96,0.1,0
862,42,241307,88028837610,4222.39,0.03,0
863,51,964156,888397006567,6939.25,0.04,0
864,36,567783,296531582823,4129.04,0.01,0
865,29,125717,501951639708,6177.29,0.04,0
866,62,206911,19557023491,1521.49,0.08,0
867,19,117241,294269448840,1250.39,0.07,0
868,64,104578,14532083439,4935.8,0.05,0
869,44,848297,509401279243,6969.35,0.0,0
870,39,797029,164001070014,560.38,0.06,0
871,22,200425,985372970398,8415.39,0.06,0
872,18,815459,274652477724,3847.98,0.07,0
873,33,45138,504366644677,7353.23,0.01,0
874,51,228572,428232532572,6814.42,0.04,0
875,38,773611,817224973372,9374.21,0.08,0
876,25,679536,217031757243,3604.27,0.0,0
877,60,128414,697798167510,4341.62,0.0,0
878,28,623099,435305587983,7891.44,0.0,0
879,20,734305,758955516113,5962.12,0.05,0
880,23,534203,753011843477,6186.45,0.1,0
881,21,685885,770460220627,5363.53,0.01,0
882,26,342125,615101621106,7885.62,0.05,0
883,46,32390,416277166536,3581.67,0.02,0
884,34,518876,485071272634,5590.25,0.08,0
885,62,604229,598802009830,3476.65,0.07,0
886,35,637761,949820441042,5545.2,0.01,0
887,51,320035,292282184704,5416.06,0.07,0
888,18,540535,805786864076,1855.34,0.0,0
889,57,823712,265656732253,3206.94,0.01,0
890,60,209092,750575172030,4975.49,0.08,51789
891,27,348270,707134733585,3220.24,0.01,0
892,51,55903,194830904550,8734.93,0.03,0
893,24,113550,628201878841,6417.52,0.06,0
894,60,664280,652552182478,2559.39,0.05,0
895,32,84316,232589082807,6557.49,0.01,0
896,47,73648,612435521628,7434.77,0.06,0
897,41,71132,678847385068,2658.16,0.0,0
898,64,328667,106310387376,1012.25,0.03,0
899,52,212500,724814483244,2487.63,0.1,0
900,29,595253,823121957798,1055.14,0.1,0
901,54,491003,734161871368,4270.75,0.01,0
902,28,586680,556775456118,3375.13,0.02,0
903,52,988866,994650665750,3151.55,0.05,59066
904,41,674001,909087461127,7258.68,0.09,0
905,33,234319,844424473649,5502.39,0.04,0
906,41,426379,795569789978,346.63,0.04,59654
907,56,151647,980224248284,3018.42,0.04,0
908,32,340201,847201763998,8219.4,0.04,0
909,53,608388,632042031863,1547.15,0.0,0
910,47,155131,401570074093,8896.25,0.03,0
911,32,324889,628459954704,3997.98,0.03,0
912,64,350464,532686475006,1729.02,0.09,0
913,24,324985,804319394118,8083.41,0.06,0
914,23,976652,369383216911,3479.3,0.06,0
915,44,922037,253416903282,7476.79,0.09,16799
916,18,672903,58477343845,3047.83,0.0,0
917,38,166846,552159545038,6977.69,0.02,0
918,21,421967,494796857850,7528.4,0.09,0
919,50,462917,865533035126,3943.22,0.02,0
920,39,609198,55740711264,5481.52,0.04,0
921,23,465596,768827732339,1303.75,0.02,0
922,48,521559,715662452464,5713.31,0.08,0
923,57,268207,79350146743,2662.57,0.06,69714
924,38,613998,121643890399,6717.48,0.06,0
925,41,346318,655314752222,6554.1,0.04,0
926,28,871493,885720996985,4422.1,0.02,81769
927,46,867915,221046162303,6853.59,0.02,0
928,64,127830,60011053767,2430.48,0.09,0
929,27,869972,15120499947,3432.71,0.01,0
930,37,33853,230058666352,7400.13,0.03,0
931,31,796804,603406349098,4830.26,0.02,0
932,62,29281,642567640429,9060.4,0.08,0
933,20,73029,221263160968,7891.88,0.09,0
934,35,696563,13649436677,665.98,0.1,0
935,35,967212,398972100752,8642.82,0.0,0
936,36,690956,256063175086,9797.93,0.08,0
937,63,340779,952269380504,5971.06,0.01,0
938,29,490233,25534868377,397.52,0.08,0
939,37,422509,175995825659,183.72,0.1,0
940,40,327012,303800569349,8118.93,0.1,0
941,34,943654,898647957827,9903.62,0.08,0
942,35,368388,434350068253,6569.32,0.01,0
943,64,720929,961408152813,6255.25,0.03,0
944,44,170169,998774086417,6053.69,0.07,0
945,52,694167,637250341471,5413.54,0.03,0
946,26,749389,580385260692,9095.63,0.06,0
947,27,602282,176737658414,3174.96,0.08,0
948,52,203079,921487072595,8796.38,0.0,16517
949,38,444152,456099872269,3033.48,0.1,0
950,65,826953,117771285695,1315.46,0.0,0
951,57,645022,673450329717,2309.11,0.03,0
952,32,386712,757255588451,7798.26,0.02,0
953,50,501534,717022670001,3739.59,0.06,0
954,49,181742,246643180537,322.3,0.0,0
955,35,788427,830799851697,2045.62,0.02,30170
956,46,523742,360436633395,8667.75,0.03,0
957,45,53858,811064890933,8243.29,0.05,0
958,43,788533,656291468752,5361.59,0.1,0
959,63,555940,495390748940,4569.0,0.0,0
960,33,424828,812679372078,392.52,0.06,0
961,51,61690,319642980922,4395.54,0.04,0
962,36,452983,672279421259,9190.33,0.08,0
963,27,687486,101724276347,7226.47,0.01,0
964,29,993399,769345288268,5464.07,0.06,0
965,44,36122,499984483970,5903.15,0.03,0
966,47,349817,716935474858,9071.62,0.02,0
967,63,105620,774584447938,4493.98,0.05,0
968,23,412744,871705293143,9751.91,0.09,0
969,28,409095,843002165193,1708.85,0.05,0
970,54,914577,177738289659,8688.19,0.02,0
971,63,333026,801193288049,7686.3,0.07,0
972,36,133264,146593128898,9604.34,0.0,0
973,57,22800,548430701807,8554.11,0.08,0
974,18,527437,238244881036,5888.62,0.07,0
975,47,93262,660712201779,65.73,0.08,0
976,35,594632,910760494001,2076.38,0.02,0
977,27,375973,160071505672,8538.29,0.1,0
978,54,322938,52916287739,1088.88,0.02,0
979,28,650774,764047860961,6998.47,0.09,0
980,53,487456,639873528295,3601.89,0.0,0
981,23,348503,986130504385,3789.39,0.01,0
982,45,78079,517653782455,1345.46,0.04,0
983,39,560131,766405457674,2090.51,0.0,0
984,24,669531,529657516089,7240.74,0.09,0
985,63,648419,352533615530,2596.6,0.09,0
986,57,146014,622113645998,4963.97,0.1,0
987,49,198646,674810204791,2327.22,0.04,0
988,30,35151,690191435962,7967.33,0.03,0
989,57,57702,384685716175,5604.16,0.1,55269
990,31,220960,313201246039,2544.18,0.01,0
991,37,586710,844204832295,61.31,0.1,0
992,39,769584,677753364886,9601.13,0.02,0
993,30,364352,743695536339,4791.08,0.07,0
994,20,514884,688862146394,4606.18,0.08,0
995,39,863715,64318918927,8351.06,0.04,0
996,54,340828,591794987489,187.18,0.09,0
997,61,970691,876692418614,3535.96,0.02,0
998,35,365627,417541470855,6265.11,0.02,0
999,54,206481,128110381193,8645.94,0.04,0
1000,63,754321,297488585573,4138.7,0.07,0
