gramatica,tipo,nature,nome,status,regra,header,bytes,recupera,colisao
G1-slot-unico,,,ausente,N/A,G1 exige um id no slot,,0,,
G1-slot-unico,,,simples,N/A,G1 exige um id no slot,,0,,
G1-slot-unico,,,vazio,N/A,G1 exige um id no slot,,0,,
G1-slot-unico,,,com-dois-pontos,N/A,G1 exige um id no slot,,0,,
G1-slot-unico,,,com-espaco,N/A,G1 exige um id no slot,,0,,
G1-slot-unico,,,com-backslash,N/A,G1 exige um id no slot,,0,,
G1-slot-unico,,,com-lf,N/A,G1 exige um id no slot,,0,,
G1-slot-unico,,,igual-M,N/A,G1 exige um id no slot,,0,,
G1-slot-unico,,,igual-H,N/A,G1 exige um id no slot,,0,,
G1-slot-unico,,,igual-tag-tipo,N/A,G1 exige um id no slot,,0,,
G1-slot-unico,,,igual-id-nature,N/A,G1 exige um id no slot,,0,,
G1-slot-unico,,cpf,ausente,fail,,#TCF.8 :cpf,11,AMBIGUO(slot unico),
G1-slot-unico,,cpf,simples,fail,,#TCF.8 idade:cpf,16,AMBIGUO(slot unico),
G1-slot-unico,,cpf,vazio,fail,,#TCF.8 :cpf,11,AMBIGUO(slot unico),
G1-slot-unico,,cpf,com-dois-pontos,fail,,#TCF.8 a\:b:cpf,15,AMBIGUO(slot unico),
G1-slot-unico,,cpf,com-espaco,fail,,#TCF.8 a b:cpf,14,AMBIGUO(slot unico),
G1-slot-unico,,cpf,com-backslash,fail,,#TCF.8 a\\b:cpf,15,AMBIGUO(slot unico),
G1-slot-unico,,cpf,com-lf,fail,,#TCF.8 a\nb:cpf,15,AMBIGUO(slot unico),
G1-slot-unico,,cpf,igual-M,fail,,#TCF.8 M:cpf,12,AMBIGUO(slot unico),
G1-slot-unico,,cpf,igual-H,fail,,#TCF.8 H:cpf,12,AMBIGUO(slot unico),
G1-slot-unico,,cpf,igual-tag-tipo,fail,,#TCF.8 b:cpf,12,AMBIGUO(slot unico),
G1-slot-unico,,cpf,igual-id-nature,fail,,#TCF.8 cpf:cpf,14,AMBIGUO(slot unico),
G1-slot-unico,b,,ausente,fail,,#TCF.8 :b,9,AMBIGUO(slot unico),
G1-slot-unico,b,,simples,fail,,#TCF.8 idade:b,14,AMBIGUO(slot unico),
G1-slot-unico,b,,vazio,fail,,#TCF.8 :b,9,AMBIGUO(slot unico),
G1-slot-unico,b,,com-dois-pontos,fail,,#TCF.8 a\:b:b,13,AMBIGUO(slot unico),
G1-slot-unico,b,,com-espaco,fail,,#TCF.8 a b:b,12,AMBIGUO(slot unico),
G1-slot-unico,b,,com-backslash,fail,,#TCF.8 a\\b:b,13,AMBIGUO(slot unico),
G1-slot-unico,b,,com-lf,fail,,#TCF.8 a\nb:b,13,AMBIGUO(slot unico),
G1-slot-unico,b,,igual-M,fail,,#TCF.8 M:b,10,AMBIGUO(slot unico),
G1-slot-unico,b,,igual-H,fail,,#TCF.8 H:b,10,AMBIGUO(slot unico),
G1-slot-unico,b,,igual-tag-tipo,fail,,#TCF.8 b:b,10,AMBIGUO(slot unico),
G1-slot-unico,b,,igual-id-nature,fail,,#TCF.8 cpf:b,12,AMBIGUO(slot unico),
G1-slot-unico,b,cpf,ausente,N/A,G1 tem UM slot: tipo e nature não cabem juntos,,0,,
G1-slot-unico,b,cpf,simples,N/A,G1 tem UM slot: tipo e nature não cabem juntos,,0,,
G1-slot-unico,b,cpf,vazio,N/A,G1 tem UM slot: tipo e nature não cabem juntos,,0,,
G1-slot-unico,b,cpf,com-dois-pontos,N/A,G1 tem UM slot: tipo e nature não cabem juntos,,0,,
G1-slot-unico,b,cpf,com-espaco,N/A,G1 tem UM slot: tipo e nature não cabem juntos,,0,,
G1-slot-unico,b,cpf,com-backslash,N/A,G1 tem UM slot: tipo e nature não cabem juntos,,0,,
G1-slot-unico,b,cpf,com-lf,N/A,G1 tem UM slot: tipo e nature não cabem juntos,,0,,
G1-slot-unico,b,cpf,igual-M,N/A,G1 tem UM slot: tipo e nature não cabem juntos,,0,,
G1-slot-unico,b,cpf,igual-H,N/A,G1 tem UM slot: tipo e nature não cabem juntos,,0,,
G1-slot-unico,b,cpf,igual-tag-tipo,N/A,G1 tem UM slot: tipo e nature não cabem juntos,,0,,
G1-slot-unico,b,cpf,igual-id-nature,N/A,G1 tem UM slot: tipo e nature não cabem juntos,,0,,
G1-slot-unico,n,,ausente,fail,,#TCF.8 :n,9,AMBIGUO(slot unico),
G1-slot-unico,n,,simples,fail,,#TCF.8 idade:n,14,AMBIGUO(slot unico),
G1-slot-unico,n,,vazio,fail,,#TCF.8 :n,9,AMBIGUO(slot unico),
G1-slot-unico,n,,com-dois-pontos,fail,,#TCF.8 a\:b:n,13,AMBIGUO(slot unico),
G1-slot-unico,n,,com-espaco,fail,,#TCF.8 a b:n,12,AMBIGUO(slot unico),
G1-slot-unico,n,,com-backslash,fail,,#TCF.8 a\\b:n,13,AMBIGUO(slot unico),
G1-slot-unico,n,,com-lf,fail,,#TCF.8 a\nb:n,13,AMBIGUO(slot unico),
G1-slot-unico,n,,igual-M,fail,,#TCF.8 M:n,10,AMBIGUO(slot unico),
G1-slot-unico,n,,igual-H,fail,,#TCF.8 H:n,10,AMBIGUO(slot unico),
G1-slot-unico,n,,igual-tag-tipo,fail,,#TCF.8 b:n,10,AMBIGUO(slot unico),
G1-slot-unico,n,,igual-id-nature,fail,,#TCF.8 cpf:n,12,AMBIGUO(slot unico),
G1-slot-unico,n,cpf,ausente,N/A,G1 tem UM slot: tipo e nature não cabem juntos,,0,,
G1-slot-unico,n,cpf,simples,N/A,G1 tem UM slot: tipo e nature não cabem juntos,,0,,
G1-slot-unico,n,cpf,vazio,N/A,G1 tem UM slot: tipo e nature não cabem juntos,,0,,
G1-slot-unico,n,cpf,com-dois-pontos,N/A,G1 tem UM slot: tipo e nature não cabem juntos,,0,,
G1-slot-unico,n,cpf,com-espaco,N/A,G1 tem UM slot: tipo e nature não cabem juntos,,0,,
G1-slot-unico,n,cpf,com-backslash,N/A,G1 tem UM slot: tipo e nature não cabem juntos,,0,,
G1-slot-unico,n,cpf,com-lf,N/A,G1 tem UM slot: tipo e nature não cabem juntos,,0,,
G1-slot-unico,n,cpf,igual-M,N/A,G1 tem UM slot: tipo e nature não cabem juntos,,0,,
G1-slot-unico,n,cpf,igual-H,N/A,G1 tem UM slot: tipo e nature não cabem juntos,,0,,
G1-slot-unico,n,cpf,igual-tag-tipo,N/A,G1 tem UM slot: tipo e nature não cabem juntos,,0,,
G1-slot-unico,n,cpf,igual-id-nature,N/A,G1 tem UM slot: tipo e nature não cabem juntos,,0,,
G1-slot-unico,M,,ausente,fail,,#TCF.8 :M,9,AMBIGUO(slot unico),
G1-slot-unico,M,,simples,fail,,#TCF.8 idade:M,14,AMBIGUO(slot unico),
G1-slot-unico,M,,vazio,fail,,#TCF.8 :M,9,AMBIGUO(slot unico),
G1-slot-unico,M,,com-dois-pontos,fail,,#TCF.8 a\:b:M,13,AMBIGUO(slot unico),
G1-slot-unico,M,,com-espaco,fail,,#TCF.8 a b:M,12,AMBIGUO(slot unico),
G1-slot-unico,M,,com-backslash,fail,,#TCF.8 a\\b:M,13,AMBIGUO(slot unico),
G1-slot-unico,M,,com-lf,fail,,#TCF.8 a\nb:M,13,AMBIGUO(slot unico),
G1-slot-unico,M,,igual-M,fail,,#TCF.8 M:M,10,AMBIGUO(slot unico),
G1-slot-unico,M,,igual-H,fail,,#TCF.8 H:M,10,AMBIGUO(slot unico),
G1-slot-unico,M,,igual-tag-tipo,fail,,#TCF.8 b:M,10,AMBIGUO(slot unico),
G1-slot-unico,M,,igual-id-nature,fail,,#TCF.8 cpf:M,12,AMBIGUO(slot unico),
G1-slot-unico,M,cpf,ausente,N/A,G1 tem UM slot: tipo e nature não cabem juntos,,0,,
G1-slot-unico,M,cpf,simples,N/A,G1 tem UM slot: tipo e nature não cabem juntos,,0,,
G1-slot-unico,M,cpf,vazio,N/A,G1 tem UM slot: tipo e nature não cabem juntos,,0,,
G1-slot-unico,M,cpf,com-dois-pontos,N/A,G1 tem UM slot: tipo e nature não cabem juntos,,0,,
G1-slot-unico,M,cpf,com-espaco,N/A,G1 tem UM slot: tipo e nature não cabem juntos,,0,,
G1-slot-unico,M,cpf,com-backslash,N/A,G1 tem UM slot: tipo e nature não cabem juntos,,0,,
G1-slot-unico,M,cpf,com-lf,N/A,G1 tem UM slot: tipo e nature não cabem juntos,,0,,
G1-slot-unico,M,cpf,igual-M,N/A,G1 tem UM slot: tipo e nature não cabem juntos,,0,,
G1-slot-unico,M,cpf,igual-H,N/A,G1 tem UM slot: tipo e nature não cabem juntos,,0,,
G1-slot-unico,M,cpf,igual-tag-tipo,N/A,G1 tem UM slot: tipo e nature não cabem juntos,,0,,
G1-slot-unico,M,cpf,igual-id-nature,N/A,G1 tem UM slot: tipo e nature não cabem juntos,,0,,
G1-slot-unico,H,,ausente,fail,,#TCF.8 :H,9,AMBIGUO(slot unico),
G1-slot-unico,H,,simples,fail,,#TCF.8 idade:H,14,AMBIGUO(slot unico),
G1-slot-unico,H,,vazio,fail,,#TCF.8 :H,9,AMBIGUO(slot unico),
G1-slot-unico,H,,com-dois-pontos,fail,,#TCF.8 a\:b:H,13,AMBIGUO(slot unico),
G1-slot-unico,H,,com-espaco,fail,,#TCF.8 a b:H,12,AMBIGUO(slot unico),
G1-slot-unico,H,,com-backslash,fail,,#TCF.8 a\\b:H,13,AMBIGUO(slot unico),
G1-slot-unico,H,,com-lf,fail,,#TCF.8 a\nb:H,13,AMBIGUO(slot unico),
G1-slot-unico,H,,igual-M,fail,,#TCF.8 M:H,10,AMBIGUO(slot unico),
G1-slot-unico,H,,igual-H,fail,,#TCF.8 H:H,10,AMBIGUO(slot unico),
G1-slot-unico,H,,igual-tag-tipo,fail,,#TCF.8 b:H,10,AMBIGUO(slot unico),
G1-slot-unico,H,,igual-id-nature,fail,,#TCF.8 cpf:H,12,AMBIGUO(slot unico),
G1-slot-unico,H,cpf,ausente,N/A,G1 tem UM slot: tipo e nature não cabem juntos,,0,,
G1-slot-unico,H,cpf,simples,N/A,G1 tem UM slot: tipo e nature não cabem juntos,,0,,
G1-slot-unico,H,cpf,vazio,N/A,G1 tem UM slot: tipo e nature não cabem juntos,,0,,
G1-slot-unico,H,cpf,com-dois-pontos,N/A,G1 tem UM slot: tipo e nature não cabem juntos,,0,,
G1-slot-unico,H,cpf,com-espaco,N/A,G1 tem UM slot: tipo e nature não cabem juntos,,0,,
G1-slot-unico,H,cpf,com-backslash,N/A,G1 tem UM slot: tipo e nature não cabem juntos,,0,,
G1-slot-unico,H,cpf,com-lf,N/A,G1 tem UM slot: tipo e nature não cabem juntos,,0,,
G1-slot-unico,H,cpf,igual-M,N/A,G1 tem UM slot: tipo e nature não cabem juntos,,0,,
G1-slot-unico,H,cpf,igual-H,N/A,G1 tem UM slot: tipo e nature não cabem juntos,,0,,
G1-slot-unico,H,cpf,igual-tag-tipo,N/A,G1 tem UM slot: tipo e nature não cabem juntos,,0,,
G1-slot-unico,H,cpf,igual-id-nature,N/A,G1 tem UM slot: tipo e nature não cabem juntos,,0,,
G2-eixos-separados,,,ausente,N/A,G2 exige tipo no discriminador,,0,,
G2-eixos-separados,,,simples,N/A,G2 exige tipo no discriminador,,0,,
G2-eixos-separados,,,vazio,N/A,G2 exige tipo no discriminador,,0,,
G2-eixos-separados,,,com-dois-pontos,N/A,G2 exige tipo no discriminador,,0,,
G2-eixos-separados,,,com-espaco,N/A,G2 exige tipo no discriminador,,0,,
G2-eixos-separados,,,com-backslash,N/A,G2 exige tipo no discriminador,,0,,
G2-eixos-separados,,,com-lf,N/A,G2 exige tipo no discriminador,,0,,
G2-eixos-separados,,,igual-M,N/A,G2 exige tipo no discriminador,,0,,
G2-eixos-separados,,,igual-H,N/A,G2 exige tipo no discriminador,,0,,
G2-eixos-separados,,,igual-tag-tipo,N/A,G2 exige tipo no discriminador,,0,,
G2-eixos-separados,,,igual-id-nature,N/A,G2 exige tipo no discriminador,,0,,
G2-eixos-separados,,cpf,ausente,N/A,G2 exige tipo no discriminador,,0,,
G2-eixos-separados,,cpf,simples,N/A,G2 exige tipo no discriminador,,0,,
G2-eixos-separados,,cpf,vazio,N/A,G2 exige tipo no discriminador,,0,,
G2-eixos-separados,,cpf,com-dois-pontos,N/A,G2 exige tipo no discriminador,,0,,
G2-eixos-separados,,cpf,com-espaco,N/A,G2 exige tipo no discriminador,,0,,
G2-eixos-separados,,cpf,com-backslash,N/A,G2 exige tipo no discriminador,,0,,
G2-eixos-separados,,cpf,com-lf,N/A,G2 exige tipo no discriminador,,0,,
G2-eixos-separados,,cpf,igual-M,N/A,G2 exige tipo no discriminador,,0,,
G2-eixos-separados,,cpf,igual-H,N/A,G2 exige tipo no discriminador,,0,,
G2-eixos-separados,,cpf,igual-tag-tipo,N/A,G2 exige tipo no discriminador,,0,,
G2-eixos-separados,,cpf,igual-id-nature,N/A,G2 exige tipo no discriminador,,0,,
G2-eixos-separados,b,,ausente,pass,,#TCF.8:b,8,sim,
G2-eixos-separados,b,,simples,pass,,#TCF.8:b idade,14,sim,
G2-eixos-separados,b,,vazio,pass,,#TCF.8:b ,9,sim,
G2-eixos-separados,b,,com-dois-pontos,pass,,#TCF.8:b a\:b,13,sim,
G2-eixos-separados,b,,com-espaco,pass,,#TCF.8:b a b,12,sim,
G2-eixos-separados,b,,com-backslash,pass,,#TCF.8:b a\\b,13,sim,
G2-eixos-separados,b,,com-lf,pass,,#TCF.8:b a\nb,13,sim,
G2-eixos-separados,b,,igual-M,pass,,#TCF.8:b M,10,sim,
G2-eixos-separados,b,,igual-H,pass,,#TCF.8:b H,10,sim,
G2-eixos-separados,b,,igual-tag-tipo,pass,,#TCF.8:b b,10,sim,
G2-eixos-separados,b,,igual-id-nature,pass,,#TCF.8:b cpf,12,sim,
G2-eixos-separados,b,cpf,ausente,pass,,#TCF.8:b :cpf,13,sim,
G2-eixos-separados,b,cpf,simples,pass,,#TCF.8:b idade:cpf,18,sim,
G2-eixos-separados,b,cpf,vazio,pass,,#TCF.8:b :cpf,13,sim,
G2-eixos-separados,b,cpf,com-dois-pontos,pass,,#TCF.8:b a\:b:cpf,17,sim,
G2-eixos-separados,b,cpf,com-espaco,pass,,#TCF.8:b a b:cpf,16,sim,
G2-eixos-separados,b,cpf,com-backslash,pass,,#TCF.8:b a\\b:cpf,17,sim,
G2-eixos-separados,b,cpf,com-lf,pass,,#TCF.8:b a\nb:cpf,17,sim,
G2-eixos-separados,b,cpf,igual-M,pass,,#TCF.8:b M:cpf,14,sim,
G2-eixos-separados,b,cpf,igual-H,pass,,#TCF.8:b H:cpf,14,sim,
G2-eixos-separados,b,cpf,igual-tag-tipo,pass,,#TCF.8:b b:cpf,14,sim,
G2-eixos-separados,b,cpf,igual-id-nature,pass,,#TCF.8:b cpf:cpf,16,sim,
G2-eixos-separados,n,,ausente,pass,,#TCF.8:n,8,sim,
G2-eixos-separados,n,,simples,pass,,#TCF.8:n idade,14,sim,
G2-eixos-separados,n,,vazio,pass,,#TCF.8:n ,9,sim,
G2-eixos-separados,n,,com-dois-pontos,pass,,#TCF.8:n a\:b,13,sim,
G2-eixos-separados,n,,com-espaco,pass,,#TCF.8:n a b,12,sim,
G2-eixos-separados,n,,com-backslash,pass,,#TCF.8:n a\\b,13,sim,
G2-eixos-separados,n,,com-lf,pass,,#TCF.8:n a\nb,13,sim,
G2-eixos-separados,n,,igual-M,pass,,#TCF.8:n M,10,sim,
G2-eixos-separados,n,,igual-H,pass,,#TCF.8:n H,10,sim,
G2-eixos-separados,n,,igual-tag-tipo,pass,,#TCF.8:n b,10,sim,
G2-eixos-separados,n,,igual-id-nature,pass,,#TCF.8:n cpf,12,sim,
G2-eixos-separados,n,cpf,ausente,pass,,#TCF.8:n :cpf,13,sim,
G2-eixos-separados,n,cpf,simples,pass,,#TCF.8:n idade:cpf,18,sim,
G2-eixos-separados,n,cpf,vazio,pass,,#TCF.8:n :cpf,13,sim,
G2-eixos-separados,n,cpf,com-dois-pontos,pass,,#TCF.8:n a\:b:cpf,17,sim,
G2-eixos-separados,n,cpf,com-espaco,pass,,#TCF.8:n a b:cpf,16,sim,
G2-eixos-separados,n,cpf,com-backslash,pass,,#TCF.8:n a\\b:cpf,17,sim,
G2-eixos-separados,n,cpf,com-lf,pass,,#TCF.8:n a\nb:cpf,17,sim,
G2-eixos-separados,n,cpf,igual-M,pass,,#TCF.8:n M:cpf,14,sim,
G2-eixos-separados,n,cpf,igual-H,pass,,#TCF.8:n H:cpf,14,sim,
G2-eixos-separados,n,cpf,igual-tag-tipo,pass,,#TCF.8:n b:cpf,14,sim,
G2-eixos-separados,n,cpf,igual-id-nature,pass,,#TCF.8:n cpf:cpf,16,sim,
G2-eixos-separados,M,,ausente,pass,,#TCF.8:M,8,sim,
G2-eixos-separados,M,,simples,pass,,#TCF.8:M idade,14,sim,
G2-eixos-separados,M,,vazio,pass,,#TCF.8:M ,9,sim,
G2-eixos-separados,M,,com-dois-pontos,pass,,#TCF.8:M a\:b,13,sim,
G2-eixos-separados,M,,com-espaco,pass,,#TCF.8:M a b,12,sim,
G2-eixos-separados,M,,com-backslash,pass,,#TCF.8:M a\\b,13,sim,
G2-eixos-separados,M,,com-lf,pass,,#TCF.8:M a\nb,13,sim,
G2-eixos-separados,M,,igual-M,pass,,#TCF.8:M M,10,sim,
G2-eixos-separados,M,,igual-H,pass,,#TCF.8:M H,10,sim,
G2-eixos-separados,M,,igual-tag-tipo,pass,,#TCF.8:M b,10,sim,
G2-eixos-separados,M,,igual-id-nature,pass,,#TCF.8:M cpf,12,sim,
G2-eixos-separados,M,cpf,ausente,pass,,#TCF.8:M :cpf,13,sim,
G2-eixos-separados,M,cpf,simples,pass,,#TCF.8:M idade:cpf,18,sim,
G2-eixos-separados,M,cpf,vazio,pass,,#TCF.8:M :cpf,13,sim,
G2-eixos-separados,M,cpf,com-dois-pontos,pass,,#TCF.8:M a\:b:cpf,17,sim,
G2-eixos-separados,M,cpf,com-espaco,pass,,#TCF.8:M a b:cpf,16,sim,
G2-eixos-separados,M,cpf,com-backslash,pass,,#TCF.8:M a\\b:cpf,17,sim,
G2-eixos-separados,M,cpf,com-lf,pass,,#TCF.8:M a\nb:cpf,17,sim,
G2-eixos-separados,M,cpf,igual-M,pass,,#TCF.8:M M:cpf,14,sim,
G2-eixos-separados,M,cpf,igual-H,pass,,#TCF.8:M H:cpf,14,sim,
G2-eixos-separados,M,cpf,igual-tag-tipo,pass,,#TCF.8:M b:cpf,14,sim,
G2-eixos-separados,M,cpf,igual-id-nature,pass,,#TCF.8:M cpf:cpf,16,sim,
G2-eixos-separados,H,,ausente,pass,,#TCF.8:H,8,sim,
G2-eixos-separados,H,,simples,pass,,#TCF.8:H idade,14,sim,
G2-eixos-separados,H,,vazio,pass,,#TCF.8:H ,9,sim,
G2-eixos-separados,H,,com-dois-pontos,pass,,#TCF.8:H a\:b,13,sim,
G2-eixos-separados,H,,com-espaco,pass,,#TCF.8:H a b,12,sim,
G2-eixos-separados,H,,com-backslash,pass,,#TCF.8:H a\\b,13,sim,
G2-eixos-separados,H,,com-lf,pass,,#TCF.8:H a\nb,13,sim,
G2-eixos-separados,H,,igual-M,pass,,#TCF.8:H M,10,sim,
G2-eixos-separados,H,,igual-H,pass,,#TCF.8:H H,10,sim,
G2-eixos-separados,H,,igual-tag-tipo,pass,,#TCF.8:H b,10,sim,
G2-eixos-separados,H,,igual-id-nature,pass,,#TCF.8:H cpf,12,sim,
G2-eixos-separados,H,cpf,ausente,pass,,#TCF.8:H :cpf,13,sim,
G2-eixos-separados,H,cpf,simples,pass,,#TCF.8:H idade:cpf,18,sim,
G2-eixos-separados,H,cpf,vazio,pass,,#TCF.8:H :cpf,13,sim,
G2-eixos-separados,H,cpf,com-dois-pontos,pass,,#TCF.8:H a\:b:cpf,17,sim,
G2-eixos-separados,H,cpf,com-espaco,pass,,#TCF.8:H a b:cpf,16,sim,
G2-eixos-separados,H,cpf,com-backslash,pass,,#TCF.8:H a\\b:cpf,17,sim,
G2-eixos-separados,H,cpf,com-lf,pass,,#TCF.8:H a\nb:cpf,17,sim,
G2-eixos-separados,H,cpf,igual-M,pass,,#TCF.8:H M:cpf,14,sim,
G2-eixos-separados,H,cpf,igual-H,pass,,#TCF.8:H H:cpf,14,sim,
G2-eixos-separados,H,cpf,igual-tag-tipo,pass,,#TCF.8:H b:cpf,14,sim,
G2-eixos-separados,H,cpf,igual-id-nature,pass,,#TCF.8:H cpf:cpf,16,sim,
G3-tag-colada,,,ausente,N/A,G3 exige tipo colado,,0,,
G3-tag-colada,,,simples,N/A,G3 exige tipo colado,,0,,
G3-tag-colada,,,vazio,N/A,G3 exige tipo colado,,0,,
G3-tag-colada,,,com-dois-pontos,N/A,G3 exige tipo colado,,0,,
G3-tag-colada,,,com-espaco,N/A,G3 exige tipo colado,,0,,
G3-tag-colada,,,com-backslash,N/A,G3 exige tipo colado,,0,,
G3-tag-colada,,,com-lf,N/A,G3 exige tipo colado,,0,,
G3-tag-colada,,,igual-M,N/A,G3 exige tipo colado,,0,,
G3-tag-colada,,,igual-H,N/A,G3 exige tipo colado,,0,,
G3-tag-colada,,,igual-tag-tipo,N/A,G3 exige tipo colado,,0,,
G3-tag-colada,,,igual-id-nature,N/A,G3 exige tipo colado,,0,,
G3-tag-colada,,cpf,ausente,N/A,G3 exige tipo colado,,0,,
G3-tag-colada,,cpf,simples,N/A,G3 exige tipo colado,,0,,
G3-tag-colada,,cpf,vazio,N/A,G3 exige tipo colado,,0,,
G3-tag-colada,,cpf,com-dois-pontos,N/A,G3 exige tipo colado,,0,,
G3-tag-colada,,cpf,com-espaco,N/A,G3 exige tipo colado,,0,,
G3-tag-colada,,cpf,com-backslash,N/A,G3 exige tipo colado,,0,,
G3-tag-colada,,cpf,com-lf,N/A,G3 exige tipo colado,,0,,
G3-tag-colada,,cpf,igual-M,N/A,G3 exige tipo colado,,0,,
G3-tag-colada,,cpf,igual-H,N/A,G3 exige tipo colado,,0,,
G3-tag-colada,,cpf,igual-tag-tipo,N/A,G3 exige tipo colado,,0,,
G3-tag-colada,,cpf,igual-id-nature,N/A,G3 exige tipo colado,,0,,
G3-tag-colada,b,,ausente,pass,,#TCF.8b,7,sim,
G3-tag-colada,b,,simples,pass,,#TCF.8b idade,13,sim,
G3-tag-colada,b,,vazio,pass,,#TCF.8b ,8,sim,
G3-tag-colada,b,,com-dois-pontos,pass,,#TCF.8b a\:b,12,sim,
G3-tag-colada,b,,com-espaco,pass,,#TCF.8b a b,11,sim,
G3-tag-colada,b,,com-backslash,pass,,#TCF.8b a\\b,12,sim,
G3-tag-colada,b,,com-lf,pass,,#TCF.8b a\nb,12,sim,
G3-tag-colada,b,,igual-M,pass,,#TCF.8b M,9,sim,
G3-tag-colada,b,,igual-H,pass,,#TCF.8b H,9,sim,
G3-tag-colada,b,,igual-tag-tipo,pass,,#TCF.8b b,9,sim,
G3-tag-colada,b,,igual-id-nature,pass,,#TCF.8b cpf,11,sim,
G3-tag-colada,b,cpf,ausente,pass,,#TCF.8b :cpf,12,sim,
G3-tag-colada,b,cpf,simples,pass,,#TCF.8b idade:cpf,17,sim,
G3-tag-colada,b,cpf,vazio,pass,,#TCF.8b :cpf,12,sim,
G3-tag-colada,b,cpf,com-dois-pontos,pass,,#TCF.8b a\:b:cpf,16,sim,
G3-tag-colada,b,cpf,com-espaco,pass,,#TCF.8b a b:cpf,15,sim,
G3-tag-colada,b,cpf,com-backslash,pass,,#TCF.8b a\\b:cpf,16,sim,
G3-tag-colada,b,cpf,com-lf,pass,,#TCF.8b a\nb:cpf,16,sim,
G3-tag-colada,b,cpf,igual-M,pass,,#TCF.8b M:cpf,13,sim,
G3-tag-colada,b,cpf,igual-H,pass,,#TCF.8b H:cpf,13,sim,
G3-tag-colada,b,cpf,igual-tag-tipo,pass,,#TCF.8b b:cpf,13,sim,
G3-tag-colada,b,cpf,igual-id-nature,pass,,#TCF.8b cpf:cpf,15,sim,
G3-tag-colada,n,,ausente,pass,,#TCF.8n,7,sim,
G3-tag-colada,n,,simples,pass,,#TCF.8n idade,13,sim,
G3-tag-colada,n,,vazio,pass,,#TCF.8n ,8,sim,
G3-tag-colada,n,,com-dois-pontos,pass,,#TCF.8n a\:b,12,sim,
G3-tag-colada,n,,com-espaco,pass,,#TCF.8n a b,11,sim,
G3-tag-colada,n,,com-backslash,pass,,#TCF.8n a\\b,12,sim,
G3-tag-colada,n,,com-lf,pass,,#TCF.8n a\nb,12,sim,
G3-tag-colada,n,,igual-M,pass,,#TCF.8n M,9,sim,
G3-tag-colada,n,,igual-H,pass,,#TCF.8n H,9,sim,
G3-tag-colada,n,,igual-tag-tipo,pass,,#TCF.8n b,9,sim,
G3-tag-colada,n,,igual-id-nature,pass,,#TCF.8n cpf,11,sim,
G3-tag-colada,n,cpf,ausente,pass,,#TCF.8n :cpf,12,sim,
G3-tag-colada,n,cpf,simples,pass,,#TCF.8n idade:cpf,17,sim,
G3-tag-colada,n,cpf,vazio,pass,,#TCF.8n :cpf,12,sim,
G3-tag-colada,n,cpf,com-dois-pontos,pass,,#TCF.8n a\:b:cpf,16,sim,
G3-tag-colada,n,cpf,com-espaco,pass,,#TCF.8n a b:cpf,15,sim,
G3-tag-colada,n,cpf,com-backslash,pass,,#TCF.8n a\\b:cpf,16,sim,
G3-tag-colada,n,cpf,com-lf,pass,,#TCF.8n a\nb:cpf,16,sim,
G3-tag-colada,n,cpf,igual-M,pass,,#TCF.8n M:cpf,13,sim,
G3-tag-colada,n,cpf,igual-H,pass,,#TCF.8n H:cpf,13,sim,
G3-tag-colada,n,cpf,igual-tag-tipo,pass,,#TCF.8n b:cpf,13,sim,
G3-tag-colada,n,cpf,igual-id-nature,pass,,#TCF.8n cpf:cpf,15,sim,
G3-tag-colada,M,,ausente,fail,,#TCF.8M,7,sim,#TCF.8M
G3-tag-colada,M,,simples,fail,,#TCF.8M idade,13,sim,#TCF.8M
G3-tag-colada,M,,vazio,fail,,#TCF.8M ,8,sim,#TCF.8M
G3-tag-colada,M,,com-dois-pontos,fail,,#TCF.8M a\:b,12,sim,#TCF.8M
G3-tag-colada,M,,com-espaco,fail,,#TCF.8M a b,11,sim,#TCF.8M
G3-tag-colada,M,,com-backslash,fail,,#TCF.8M a\\b,12,sim,#TCF.8M
G3-tag-colada,M,,com-lf,fail,,#TCF.8M a\nb,12,sim,#TCF.8M
G3-tag-colada,M,,igual-M,fail,,#TCF.8M M,9,sim,#TCF.8M
G3-tag-colada,M,,igual-H,fail,,#TCF.8M H,9,sim,#TCF.8M
G3-tag-colada,M,,igual-tag-tipo,fail,,#TCF.8M b,9,sim,#TCF.8M
G3-tag-colada,M,,igual-id-nature,fail,,#TCF.8M cpf,11,sim,#TCF.8M
G3-tag-colada,M,cpf,ausente,fail,,#TCF.8M :cpf,12,sim,#TCF.8M
G3-tag-colada,M,cpf,simples,fail,,#TCF.8M idade:cpf,17,sim,#TCF.8M
G3-tag-colada,M,cpf,vazio,fail,,#TCF.8M :cpf,12,sim,#TCF.8M
G3-tag-colada,M,cpf,com-dois-pontos,fail,,#TCF.8M a\:b:cpf,16,sim,#TCF.8M
G3-tag-colada,M,cpf,com-espaco,fail,,#TCF.8M a b:cpf,15,sim,#TCF.8M
G3-tag-colada,M,cpf,com-backslash,fail,,#TCF.8M a\\b:cpf,16,sim,#TCF.8M
G3-tag-colada,M,cpf,com-lf,fail,,#TCF.8M a\nb:cpf,16,sim,#TCF.8M
G3-tag-colada,M,cpf,igual-M,fail,,#TCF.8M M:cpf,13,sim,#TCF.8M
G3-tag-colada,M,cpf,igual-H,fail,,#TCF.8M H:cpf,13,sim,#TCF.8M
G3-tag-colada,M,cpf,igual-tag-tipo,fail,,#TCF.8M b:cpf,13,sim,#TCF.8M
G3-tag-colada,M,cpf,igual-id-nature,fail,,#TCF.8M cpf:cpf,15,sim,#TCF.8M
G3-tag-colada,H,,ausente,fail,,#TCF.8H,7,sim,#TCF.8H
G3-tag-colada,H,,simples,fail,,#TCF.8H idade,13,sim,#TCF.8H
G3-tag-colada,H,,vazio,fail,,#TCF.8H ,8,sim,#TCF.8H
G3-tag-colada,H,,com-dois-pontos,fail,,#TCF.8H a\:b,12,sim,#TCF.8H
G3-tag-colada,H,,com-espaco,fail,,#TCF.8H a b,11,sim,#TCF.8H
G3-tag-colada,H,,com-backslash,fail,,#TCF.8H a\\b,12,sim,#TCF.8H
G3-tag-colada,H,,com-lf,fail,,#TCF.8H a\nb,12,sim,#TCF.8H
G3-tag-colada,H,,igual-M,fail,,#TCF.8H M,9,sim,#TCF.8H
G3-tag-colada,H,,igual-H,fail,,#TCF.8H H,9,sim,#TCF.8H
G3-tag-colada,H,,igual-tag-tipo,fail,,#TCF.8H b,9,sim,#TCF.8H
G3-tag-colada,H,,igual-id-nature,fail,,#TCF.8H cpf,11,sim,#TCF.8H
G3-tag-colada,H,cpf,ausente,fail,,#TCF.8H :cpf,12,sim,#TCF.8H
G3-tag-colada,H,cpf,simples,fail,,#TCF.8H idade:cpf,17,sim,#TCF.8H
G3-tag-colada,H,cpf,vazio,fail,,#TCF.8H :cpf,12,sim,#TCF.8H
G3-tag-colada,H,cpf,com-dois-pontos,fail,,#TCF.8H a\:b:cpf,16,sim,#TCF.8H
G3-tag-colada,H,cpf,com-espaco,fail,,#TCF.8H a b:cpf,15,sim,#TCF.8H
G3-tag-colada,H,cpf,com-backslash,fail,,#TCF.8H a\\b:cpf,16,sim,#TCF.8H
G3-tag-colada,H,cpf,com-lf,fail,,#TCF.8H a\nb:cpf,16,sim,#TCF.8H
G3-tag-colada,H,cpf,igual-M,fail,,#TCF.8H M:cpf,13,sim,#TCF.8H
G3-tag-colada,H,cpf,igual-H,fail,,#TCF.8H H:cpf,13,sim,#TCF.8H
G3-tag-colada,H,cpf,igual-tag-tipo,fail,,#TCF.8H b:cpf,13,sim,#TCF.8H
G3-tag-colada,H,cpf,igual-id-nature,fail,,#TCF.8H cpf:cpf,15,sim,#TCF.8H
G4-sem-assinatura,,,ausente,N/A,G4 exige tipo,,0,,
G4-sem-assinatura,,,simples,N/A,G4 exige tipo,,0,,
G4-sem-assinatura,,,vazio,N/A,G4 exige tipo,,0,,
G4-sem-assinatura,,,com-dois-pontos,N/A,G4 exige tipo,,0,,
G4-sem-assinatura,,,com-espaco,N/A,G4 exige tipo,,0,,
G4-sem-assinatura,,,com-backslash,N/A,G4 exige tipo,,0,,
G4-sem-assinatura,,,com-lf,N/A,G4 exige tipo,,0,,
G4-sem-assinatura,,,igual-M,N/A,G4 exige tipo,,0,,
G4-sem-assinatura,,,igual-H,N/A,G4 exige tipo,,0,,
G4-sem-assinatura,,,igual-tag-tipo,N/A,G4 exige tipo,,0,,
G4-sem-assinatura,,,igual-id-nature,N/A,G4 exige tipo,,0,,
G4-sem-assinatura,,cpf,ausente,N/A,G4 exige tipo,,0,,
G4-sem-assinatura,,cpf,simples,N/A,G4 exige tipo,,0,,
G4-sem-assinatura,,cpf,vazio,N/A,G4 exige tipo,,0,,
G4-sem-assinatura,,cpf,com-dois-pontos,N/A,G4 exige tipo,,0,,
G4-sem-assinatura,,cpf,com-espaco,N/A,G4 exige tipo,,0,,
G4-sem-assinatura,,cpf,com-backslash,N/A,G4 exige tipo,,0,,
G4-sem-assinatura,,cpf,com-lf,N/A,G4 exige tipo,,0,,
G4-sem-assinatura,,cpf,igual-M,N/A,G4 exige tipo,,0,,
G4-sem-assinatura,,cpf,igual-H,N/A,G4 exige tipo,,0,,
G4-sem-assinatura,,cpf,igual-tag-tipo,N/A,G4 exige tipo,,0,,
G4-sem-assinatura,,cpf,igual-id-nature,N/A,G4 exige tipo,,0,,
G4-sem-assinatura,b,,ausente,pass,,:b,2,sim,
G4-sem-assinatura,b,,simples,pass,,:b idade,8,sim,
G4-sem-assinatura,b,,vazio,pass,,:b ,3,sim,
G4-sem-assinatura,b,,com-dois-pontos,pass,,:b a\:b,7,sim,
G4-sem-assinatura,b,,com-espaco,pass,,:b a b,6,sim,
G4-sem-assinatura,b,,com-backslash,pass,,:b a\\b,7,sim,
G4-sem-assinatura,b,,com-lf,pass,,:b a\nb,7,sim,
G4-sem-assinatura,b,,igual-M,pass,,:b M,4,sim,
G4-sem-assinatura,b,,igual-H,pass,,:b H,4,sim,
G4-sem-assinatura,b,,igual-tag-tipo,pass,,:b b,4,sim,
G4-sem-assinatura,b,,igual-id-nature,pass,,:b cpf,6,sim,
G4-sem-assinatura,b,cpf,ausente,pass,,:b :cpf,7,sim,
G4-sem-assinatura,b,cpf,simples,pass,,:b idade:cpf,12,sim,
G4-sem-assinatura,b,cpf,vazio,pass,,:b :cpf,7,sim,
G4-sem-assinatura,b,cpf,com-dois-pontos,pass,,:b a\:b:cpf,11,sim,
G4-sem-assinatura,b,cpf,com-espaco,pass,,:b a b:cpf,10,sim,
G4-sem-assinatura,b,cpf,com-backslash,pass,,:b a\\b:cpf,11,sim,
G4-sem-assinatura,b,cpf,com-lf,pass,,:b a\nb:cpf,11,sim,
G4-sem-assinatura,b,cpf,igual-M,pass,,:b M:cpf,8,sim,
G4-sem-assinatura,b,cpf,igual-H,pass,,:b H:cpf,8,sim,
G4-sem-assinatura,b,cpf,igual-tag-tipo,pass,,:b b:cpf,8,sim,
G4-sem-assinatura,b,cpf,igual-id-nature,pass,,:b cpf:cpf,10,sim,
G4-sem-assinatura,n,,ausente,pass,,:n,2,sim,
G4-sem-assinatura,n,,simples,pass,,:n idade,8,sim,
G4-sem-assinatura,n,,vazio,pass,,:n ,3,sim,
G4-sem-assinatura,n,,com-dois-pontos,pass,,:n a\:b,7,sim,
G4-sem-assinatura,n,,com-espaco,pass,,:n a b,6,sim,
G4-sem-assinatura,n,,com-backslash,pass,,:n a\\b,7,sim,
G4-sem-assinatura,n,,com-lf,pass,,:n a\nb,7,sim,
G4-sem-assinatura,n,,igual-M,pass,,:n M,4,sim,
G4-sem-assinatura,n,,igual-H,pass,,:n H,4,sim,
G4-sem-assinatura,n,,igual-tag-tipo,pass,,:n b,4,sim,
G4-sem-assinatura,n,,igual-id-nature,pass,,:n cpf,6,sim,
G4-sem-assinatura,n,cpf,ausente,pass,,:n :cpf,7,sim,
G4-sem-assinatura,n,cpf,simples,pass,,:n idade:cpf,12,sim,
G4-sem-assinatura,n,cpf,vazio,pass,,:n :cpf,7,sim,
G4-sem-assinatura,n,cpf,com-dois-pontos,pass,,:n a\:b:cpf,11,sim,
G4-sem-assinatura,n,cpf,com-espaco,pass,,:n a b:cpf,10,sim,
G4-sem-assinatura,n,cpf,com-backslash,pass,,:n a\\b:cpf,11,sim,
G4-sem-assinatura,n,cpf,com-lf,pass,,:n a\nb:cpf,11,sim,
G4-sem-assinatura,n,cpf,igual-M,pass,,:n M:cpf,8,sim,
G4-sem-assinatura,n,cpf,igual-H,pass,,:n H:cpf,8,sim,
G4-sem-assinatura,n,cpf,igual-tag-tipo,pass,,:n b:cpf,8,sim,
G4-sem-assinatura,n,cpf,igual-id-nature,pass,,:n cpf:cpf,10,sim,
G4-sem-assinatura,M,,ausente,pass,,:M,2,sim,
G4-sem-assinatura,M,,simples,pass,,:M idade,8,sim,
G4-sem-assinatura,M,,vazio,pass,,:M ,3,sim,
G4-sem-assinatura,M,,com-dois-pontos,pass,,:M a\:b,7,sim,
G4-sem-assinatura,M,,com-espaco,pass,,:M a b,6,sim,
G4-sem-assinatura,M,,com-backslash,pass,,:M a\\b,7,sim,
G4-sem-assinatura,M,,com-lf,pass,,:M a\nb,7,sim,
G4-sem-assinatura,M,,igual-M,pass,,:M M,4,sim,
G4-sem-assinatura,M,,igual-H,pass,,:M H,4,sim,
G4-sem-assinatura,M,,igual-tag-tipo,pass,,:M b,4,sim,
G4-sem-assinatura,M,,igual-id-nature,pass,,:M cpf,6,sim,
G4-sem-assinatura,M,cpf,ausente,pass,,:M :cpf,7,sim,
G4-sem-assinatura,M,cpf,simples,pass,,:M idade:cpf,12,sim,
G4-sem-assinatura,M,cpf,vazio,pass,,:M :cpf,7,sim,
G4-sem-assinatura,M,cpf,com-dois-pontos,pass,,:M a\:b:cpf,11,sim,
G4-sem-assinatura,M,cpf,com-espaco,pass,,:M a b:cpf,10,sim,
G4-sem-assinatura,M,cpf,com-backslash,pass,,:M a\\b:cpf,11,sim,
G4-sem-assinatura,M,cpf,com-lf,pass,,:M a\nb:cpf,11,sim,
G4-sem-assinatura,M,cpf,igual-M,pass,,:M M:cpf,8,sim,
G4-sem-assinatura,M,cpf,igual-H,pass,,:M H:cpf,8,sim,
G4-sem-assinatura,M,cpf,igual-tag-tipo,pass,,:M b:cpf,8,sim,
G4-sem-assinatura,M,cpf,igual-id-nature,pass,,:M cpf:cpf,10,sim,
G4-sem-assinatura,H,,ausente,pass,,:H,2,sim,
G4-sem-assinatura,H,,simples,pass,,:H idade,8,sim,
G4-sem-assinatura,H,,vazio,pass,,:H ,3,sim,
G4-sem-assinatura,H,,com-dois-pontos,pass,,:H a\:b,7,sim,
G4-sem-assinatura,H,,com-espaco,pass,,:H a b,6,sim,
G4-sem-assinatura,H,,com-backslash,pass,,:H a\\b,7,sim,
G4-sem-assinatura,H,,com-lf,pass,,:H a\nb,7,sim,
G4-sem-assinatura,H,,igual-M,pass,,:H M,4,sim,
G4-sem-assinatura,H,,igual-H,pass,,:H H,4,sim,
G4-sem-assinatura,H,,igual-tag-tipo,pass,,:H b,4,sim,
G4-sem-assinatura,H,,igual-id-nature,pass,,:H cpf,6,sim,
G4-sem-assinatura,H,cpf,ausente,pass,,:H :cpf,7,sim,
G4-sem-assinatura,H,cpf,simples,pass,,:H idade:cpf,12,sim,
G4-sem-assinatura,H,cpf,vazio,pass,,:H :cpf,7,sim,
G4-sem-assinatura,H,cpf,com-dois-pontos,pass,,:H a\:b:cpf,11,sim,
G4-sem-assinatura,H,cpf,com-espaco,pass,,:H a b:cpf,10,sim,
G4-sem-assinatura,H,cpf,com-backslash,pass,,:H a\\b:cpf,11,sim,
G4-sem-assinatura,H,cpf,com-lf,pass,,:H a\nb:cpf,11,sim,
G4-sem-assinatura,H,cpf,igual-M,pass,,:H M:cpf,8,sim,
G4-sem-assinatura,H,cpf,igual-H,pass,,:H H:cpf,8,sim,
G4-sem-assinatura,H,cpf,igual-tag-tipo,pass,,:H b:cpf,8,sim,
G4-sem-assinatura,H,cpf,igual-id-nature,pass,,:H cpf:cpf,10,sim,
